order_id,order_date,order_month,order_status,customer_id,country,product_id,product_name,category,brand,supplier_id,supplier_name,quantity,unit_price,revenue,cost_price,selling_price,margin,margin_percentage,stock_quantity,stock_status,delivery_days,reliability_score
1,2025-08-01,2025-08,Completed,1146,Netherlands,95,Puzzle Set 11,Kids,KidsWorld,9,KidsWorld Source,1,86.48,86.48,63.38,88.24,24.86,0.2817,150,High Stock,8,3.8
1,2025-08-01,2025-08,Completed,1146,Netherlands,75,Reusable Bottle 5,Green Living,EcoTrend,8,EcoTrend Supply,2,91.93,183.86,69.39,96.77,27.38,0.2829,120,High Stock,6,4.3
1,2025-08-01,2025-08,Completed,1146,Netherlands,43,Makeup Mirror 1,Beauty,BeautyPro,6,BeautyPro Trade,2,103.44,206.88,59.62,105.55,45.93,0.4351,12,Low Stock,2,4.7
1,2025-08-01,2025-08,Completed,1146,Netherlands,79,Reusable Bottle 9,Green Living,EcoTrend,8,EcoTrend Supply,2,25.16,50.32,13.65,25.67,12.02,0.4683,18,Low Stock,6,4.3
2,2025-08-02,2025-08,Cancelled,1098,Spain,97,Drawing Kit 13,Kids,KidsWorld,9,KidsWorld Source,2,109.64,219.28,65.11,109.64,44.53,0.4061,150,High Stock,8,3.8
2,2025-08-02,2025-08,Cancelled,1098,Spain,57,Monitor Stand 1,Office,OfficePlus,7,OfficePlus Vendor,3,138.77,416.31,74.68,138.77,64.09,0.4618,8,Low Stock,5,4.2
2,2025-08-02,2025-08,Cancelled,1098,Spain,4,Wireless Mouse 4,Electronics,TechNova,1,TechNova Supplies,2,80.78,161.56,47.09,80.78,33.69,0.4171,150,High Stock,3,4.8
3,2025-08-02,2025-08,Cancelled,1056,Italy,27,Desk Lamp 13,Home,HomeStyle,4,HomeStyle Distribution,3,56.83,170.49,43.08,56.83,13.75,0.2419,40,Medium Stock,4,4.5
3,2025-08-02,2025-08,Cancelled,1056,Italy,69,Desk Organizer 13,Office,OfficePlus,7,OfficePlus Vendor,1,12.1,12.1,8.14,12.1,3.96,0.3273,8,Low Stock,5,4.2
4,2025-08-02,2025-08,Cancelled,1124,Netherlands,15,Wall Shelf 1,Home,HomeStyle,4,HomeStyle Distribution,1,131.96,131.96,79.21,131.96,52.75,0.3997,150,High Stock,4,4.5
4,2025-08-02,2025-08,Cancelled,1124,Netherlands,68,Notebook Set 12,Office,OfficePlus,7,OfficePlus Vendor,1,110.08,110.08,67.59,110.08,42.49,0.386,18,Low Stock,5,4.2
5,2025-08-02,2025-08,Cancelled,1163,Spain,8,Smart Plug 8,Electronics,TechNova,1,TechNova Supplies,3,84.77,254.31,50.28,89.23,38.95,0.4365,120,High Stock,3,4.8
5,2025-08-02,2025-08,Cancelled,1163,Spain,3,USB-C Hub 3,Electronics,TechNova,1,TechNova Supplies,3,9.67,29.01,7.38,9.67,2.29,0.2368,25,Medium Stock,3,4.8
6,2025-08-03,2025-08,Completed,1107,France,25,Wall Shelf 11,Home,HomeStyle,4,HomeStyle Distribution,3,87.54,262.62,62.64,92.15,29.51,0.3202,40,Medium Stock,4,4.5
6,2025-08-03,2025-08,Completed,1107,France,3,USB-C Hub 3,Electronics,TechNova,1,TechNova Supplies,2,9.48,18.96,7.38,9.67,2.29,0.2368,25,Medium Stock,3,4.8
7,2025-08-03,2025-08,Completed,1011,Austria,89,Toy Basket 5,Kids,KidsWorld,9,KidsWorld Source,1,53.0,53.0,38.16,53.0,14.84,0.28,120,High Stock,8,3.8
7,2025-08-03,2025-08,Completed,1011,Austria,67,Pen Kit 11,Office,OfficePlus,7,OfficePlus Vendor,1,61.01,61.01,47.07,62.26,15.19,0.244,18,Low Stock,5,4.2
8,2025-08-04,2025-08,Completed,1085,Netherlands,64,Monitor Stand 8,Office,OfficePlus,7,OfficePlus Vendor,3,59.43,178.29,42.91,60.64,17.73,0.2924,8,Low Stock,5,4.2
9,2025-08-05,2025-08,Returned,1095,Italy,46,Face Cleanser 4,Beauty,BeautyPro,6,BeautyPro Trade,3,15.86,47.58,8.79,16.7,7.91,0.4737,8,Low Stock,2,4.7
9,2025-08-05,2025-08,Returned,1095,Italy,14,Bluetooth Speaker 14,Electronics,TechNova,1,TechNova Supplies,1,63.5,63.5,45.06,63.5,18.44,0.2904,120,High Stock,3,4.8
9,2025-08-05,2025-08,Returned,1095,Italy,36,Jump Rope 8,Fitness,UrbanFit,5,UrbanFit Partners,1,19.66,19.66,14.08,19.66,5.58,0.2838,60,Medium Stock,7,3.9
9,2025-08-05,2025-08,Returned,1095,Italy,43,Makeup Mirror 1,Beauty,BeautyPro,6,BeautyPro Trade,3,103.44,310.32,59.62,105.55,45.93,0.4351,12,Low Stock,2,4.7
10,2025-08-05,2025-08,Cancelled,1128,Germany,36,Jump Rope 8,Fitness,UrbanFit,5,UrbanFit Partners,2,19.66,39.32,14.08,19.66,5.58,0.2838,60,Medium Stock,7,3.9
11,2025-08-07,2025-08,Cancelled,1172,Austria,17,Storage Box 3,Home,HomeStyle,4,HomeStyle Distribution,1,96.79,96.79,65.38,98.77,33.39,0.3381,12,Low Stock,4,4.5
11,2025-08-07,2025-08,Cancelled,1172,Austria,36,Jump Rope 8,Fitness,UrbanFit,5,UrbanFit Partners,1,19.27,19.27,14.08,19.66,5.58,0.2838,60,Medium Stock,7,3.9
11,2025-08-07,2025-08,Cancelled,1172,Austria,34,Foam Roller 6,Fitness,UrbanFit,5,UrbanFit Partners,2,69.63,139.26,44.58,73.3,28.72,0.3918,25,Medium Stock,7,3.9
11,2025-08-07,2025-08,Cancelled,1172,Austria,99,Dog Leash 1,Pet Care,PetCare,10,PetCare Central,2,125.31,250.62,72.29,125.31,53.02,0.4231,120,High Stock,4,4.6
12,2025-08-08,2025-08,Completed,1142,Netherlands,77,Lunch Box 7,Green Living,EcoTrend,8,EcoTrend Supply,3,47.42,142.26,34.88,49.92,15.04,0.3013,12,Low Stock,6,4.3
12,2025-08-08,2025-08,Completed,1142,Netherlands,31,Yoga Mat 3,Fitness,UrbanFit,5,UrbanFit Partners,2,37.35,74.7,23.07,37.35,14.28,0.3823,12,Low Stock,7,3.9
12,2025-08-08,2025-08,Completed,1142,Netherlands,45,Body Lotion 3,Beauty,BeautyPro,6,BeautyPro Trade,3,72.19,216.57,39.7,72.19,32.49,0.4501,12,Low Stock,2,4.7
13,2025-08-09,2025-08,Completed,1022,Spain,58,Notebook Set 2,Office,OfficePlus,7,OfficePlus Vendor,2,13.84,27.68,10.49,14.57,4.08,0.28,40,Medium Stock,5,4.2
13,2025-08-09,2025-08,Completed,1022,Spain,3,USB-C Hub 3,Electronics,TechNova,1,TechNova Supplies,3,9.19,27.57,7.38,9.67,2.29,0.2368,25,Medium Stock,3,4.8
13,2025-08-09,2025-08,Completed,1022,Spain,77,Lunch Box 7,Green Living,EcoTrend,8,EcoTrend Supply,2,48.92,97.84,34.88,49.92,15.04,0.3013,12,Low Stock,6,4.3
14,2025-08-09,2025-08,Returned,1134,Spain,72,Lunch Box 2,Green Living,EcoTrend,8,EcoTrend Supply,2,139.0,278.0,78.22,139.0,60.78,0.4373,90,High Stock,6,4.3
14,2025-08-09,2025-08,Returned,1134,Spain,31,Yoga Mat 3,Fitness,UrbanFit,5,UrbanFit Partners,1,35.48,35.48,23.07,37.35,14.28,0.3823,12,Low Stock,7,3.9
15,2025-08-09,2025-08,Completed,1142,Germany,26,Desk Lamp 12,Home,HomeStyle,4,HomeStyle Distribution,2,69.34,138.68,39.03,72.99,33.96,0.4653,40,Medium Stock,4,4.5
15,2025-08-09,2025-08,Completed,1142,Germany,18,Wall Shelf 4,Home,HomeStyle,4,HomeStyle Distribution,2,32.99,65.98,20.95,32.99,12.04,0.365,120,High Stock,4,4.5
15,2025-08-09,2025-08,Completed,1142,Germany,32,Jump Rope 4,Fitness,UrbanFit,5,UrbanFit Partners,1,122.33,122.33,66.2,124.83,58.63,0.4697,150,High Stock,7,3.9
15,2025-08-09,2025-08,Completed,1142,Germany,3,USB-C Hub 3,Electronics,TechNova,1,TechNova Supplies,1,9.19,9.19,7.38,9.67,2.29,0.2368,25,Medium Stock,3,4.8
16,2025-08-11,2025-08,Returned,1152,Spain,71,Bamboo Cutlery 1,Green Living,EcoTrend,8,EcoTrend Supply,2,132.86,265.72,78.04,135.57,57.53,0.4244,25,Medium Stock,6,4.3
16,2025-08-11,2025-08,Returned,1152,Spain,3,USB-C Hub 3,Electronics,TechNova,1,TechNova Supplies,3,9.48,28.44,7.38,9.67,2.29,0.2368,25,Medium Stock,3,4.8
16,2025-08-11,2025-08,Returned,1152,Spain,21,Air Humidifier 7,Home,HomeStyle,4,HomeStyle Distribution,3,14.84,44.52,11.82,15.14,3.32,0.2193,12,Low Stock,4,4.5
17,2025-08-12,2025-08,Cancelled,1143,Netherlands,83,Lunch Box 13,Green Living,EcoTrend,8,EcoTrend Supply,1,41.87,41.87,32.32,41.87,9.55,0.2281,60,Medium Stock,6,4.3
18,2025-08-12,2025-08,Cancelled,1178,France,56,Body Lotion 14,Beauty,BeautyPro,6,BeautyPro Trade,2,55.57,111.14,34.68,58.49,23.81,0.4071,40,Medium Stock,2,4.7
18,2025-08-12,2025-08,Cancelled,1178,France,18,Wall Shelf 4,Home,HomeStyle,4,HomeStyle Distribution,3,32.99,98.97,20.95,32.99,12.04,0.365,120,High Stock,4,4.5
19,2025-08-13,2025-08,Completed,1028,Germany,16,Wall Shelf 2,Home,HomeStyle,4,HomeStyle Distribution,2,113.69,227.38,68.21,119.67,51.46,0.43,25,Medium Stock,4,4.5
19,2025-08-13,2025-08,Completed,1028,Germany,1,Wireless Mouse 1,Electronics,TechNova,1,TechNova Supplies,1,9.83,9.83,6.88,9.83,2.95,0.3001,25,Medium Stock,3,4.8
19,2025-08-13,2025-08,Completed,1028,Germany,52,Hair Dryer 10,Beauty,BeautyPro,6,BeautyPro Trade,1,14.36,14.36,9.27,14.65,5.38,0.3672,18,Low Stock,2,4.7
19,2025-08-13,2025-08,Completed,1028,Germany,3,USB-C Hub 3,Electronics,TechNova,1,TechNova Supplies,3,9.19,27.57,7.38,9.67,2.29,0.2368,25,Medium Stock,3,4.8
20,2025-08-14,2025-08,Completed,1107,Germany,37,Resistance Band 9,Fitness,UrbanFit,5,UrbanFit Partners,3,60.41,181.23,49.13,61.64,12.51,0.203,8,Low Stock,7,3.9
20,2025-08-14,2025-08,Completed,1107,Germany,90,Drawing Kit 6,Kids,KidsWorld,9,KidsWorld Source,2,76.49,152.98,54.41,78.05,23.64,0.3029,60,Medium Stock,8,3.8
21,2025-08-14,2025-08,Processing,1012,Netherlands,7,Smart Plug 7,Electronics,TechNova,1,TechNova Supplies,3,18.02,54.06,12.67,18.97,6.3,0.3321,60,Medium Stock,3,4.8
21,2025-08-14,2025-08,Processing,1012,Netherlands,77,Lunch Box 7,Green Living,EcoTrend,8,EcoTrend Supply,2,48.92,97.84,34.88,49.92,15.04,0.3013,12,Low Stock,6,4.3
21,2025-08-14,2025-08,Processing,1012,Netherlands,98,Night Light 14,Kids,KidsWorld,9,KidsWorld Source,2,132.52,265.04,76.25,139.49,63.24,0.4534,150,High Stock,8,3.8
22,2025-08-15,2025-08,Completed,1091,France,4,Wireless Mouse 4,Electronics,TechNova,1,TechNova Supplies,1,79.16,79.16,47.09,80.78,33.69,0.4171,150,High Stock,3,4.8
22,2025-08-15,2025-08,Completed,1091,France,75,Reusable Bottle 5,Green Living,EcoTrend,8,EcoTrend Supply,3,96.77,290.31,69.39,96.77,27.38,0.2829,120,High Stock,6,4.3
22,2025-08-15,2025-08,Completed,1091,France,36,Jump Rope 8,Fitness,UrbanFit,5,UrbanFit Partners,2,19.66,39.32,14.08,19.66,5.58,0.2838,60,Medium Stock,7,3.9
23,2025-08-15,2025-08,Completed,1031,Netherlands,79,Reusable Bottle 9,Green Living,EcoTrend,8,EcoTrend Supply,1,25.67,25.67,13.65,25.67,12.02,0.4683,18,Low Stock,6,4.3
24,2025-08-15,2025-08,Cancelled,1026,Netherlands,40,Jump Rope 12,Fitness,UrbanFit,5,UrbanFit Partners,2,34.35,68.7,23.22,36.16,12.94,0.3579,90,High Stock,7,3.9
24,2025-08-15,2025-08,Cancelled,1026,Netherlands,49,Body Lotion 7,Beauty,BeautyPro,6,BeautyPro Trade,1,128.51,128.51,74.49,131.13,56.64,0.4319,40,Medium Stock,2,4.7
25,2025-08-15,2025-08,Processing,1001,Austria,38,Yoga Mat 10,Fitness,UrbanFit,5,UrbanFit Partners,1,129.24,129.24,72.91,131.88,58.97,0.4471,12,Low Stock,7,3.9
25,2025-08-15,2025-08,Processing,1001,Austria,72,Lunch Box 2,Green Living,EcoTrend,8,EcoTrend Supply,1,136.22,136.22,78.22,139.0,60.78,0.4373,90,High Stock,6,4.3
26,2025-08-15,2025-08,Completed,1005,Netherlands,56,Body Lotion 14,Beauty,BeautyPro,6,BeautyPro Trade,3,58.49,175.47,34.68,58.49,23.81,0.4071,40,Medium Stock,2,4.7
26,2025-08-15,2025-08,Completed,1005,Netherlands,36,Jump Rope 8,Fitness,UrbanFit,5,UrbanFit Partners,2,19.66,39.32,14.08,19.66,5.58,0.2838,60,Medium Stock,7,3.9
26,2025-08-15,2025-08,Completed,1005,Netherlands,73,Lunch Box 3,Green Living,EcoTrend,8,EcoTrend Supply,1,88.31,88.31,60.24,88.31,28.07,0.3179,90,High Stock,6,4.3
27,2025-08-18,2025-08,Returned,1098,Spain,16,Wall Shelf 2,Home,HomeStyle,4,HomeStyle Distribution,3,119.67,359.01,68.21,119.67,51.46,0.43,25,Medium Stock,4,4.5
27,2025-08-18,2025-08,Returned,1098,Spain,10,Smart Plug 10,Electronics,TechNova,1,TechNova Supplies,1,78.38,78.38,48.3,82.5,34.2,0.4145,8,Low Stock,3,4.8
27,2025-08-18,2025-08,Returned,1098,Spain,10,Smart Plug 10,Electronics,TechNova,1,TechNova Supplies,3,82.5,247.5,48.3,82.5,34.2,0.4145,8,Low Stock,3,4.8
28,2025-08-21,2025-08,Completed,1115,Germany,22,Desk Lamp 8,Home,HomeStyle,4,HomeStyle Distribution,2,93.28,186.56,64.41,98.19,33.78,0.344,12,Low Stock,4,4.5
28,2025-08-21,2025-08,Completed,1115,Germany,15,Wall Shelf 1,Home,HomeStyle,4,HomeStyle Distribution,2,125.36,250.72,79.21,131.96,52.75,0.3997,150,High Stock,4,4.5
28,2025-08-21,2025-08,Completed,1115,Germany,83,Lunch Box 13,Green Living,EcoTrend,8,EcoTrend Supply,1,41.87,41.87,32.32,41.87,9.55,0.2281,60,Medium Stock,6,4.3
29,2025-08-21,2025-08,Completed,1038,Austria,7,Smart Plug 7,Electronics,TechNova,1,TechNova Supplies,1,18.02,18.02,12.67,18.97,6.3,0.3321,60,Medium Stock,3,4.8
29,2025-08-21,2025-08,Completed,1038,Austria,52,Hair Dryer 10,Beauty,BeautyPro,6,BeautyPro Trade,2,14.65,29.3,9.27,14.65,5.38,0.3672,18,Low Stock,2,4.7
29,2025-08-21,2025-08,Completed,1038,Austria,12,Wireless Mouse 12,Electronics,TechNova,1,TechNova Supplies,1,49.17,49.17,33.51,51.76,18.25,0.3526,60,Medium Stock,3,4.8
30,2025-08-21,2025-08,Cancelled,1096,Austria,75,Reusable Bottle 5,Green Living,EcoTrend,8,EcoTrend Supply,1,96.77,96.77,69.39,96.77,27.38,0.2829,120,High Stock,6,4.3
31,2025-08-21,2025-08,Completed,1004,Spain,90,Drawing Kit 6,Kids,KidsWorld,9,KidsWorld Source,1,78.05,78.05,54.41,78.05,23.64,0.3029,60,Medium Stock,8,3.8
31,2025-08-21,2025-08,Completed,1004,Spain,32,Jump Rope 4,Fitness,UrbanFit,5,UrbanFit Partners,3,124.83,374.49,66.2,124.83,58.63,0.4697,150,High Stock,7,3.9
31,2025-08-21,2025-08,Completed,1004,Spain,75,Reusable Bottle 5,Green Living,EcoTrend,8,EcoTrend Supply,3,91.93,275.79,69.39,96.77,27.38,0.2829,120,High Stock,6,4.3
32,2025-08-22,2025-08,Processing,1097,Austria,1,Wireless Mouse 1,Electronics,TechNova,1,TechNova Supplies,2,9.34,18.68,6.88,9.83,2.95,0.3001,25,Medium Stock,3,4.8
32,2025-08-22,2025-08,Processing,1097,Austria,66,Desk Organizer 10,Office,OfficePlus,7,OfficePlus Vendor,2,71.21,142.42,52.78,74.96,22.18,0.2959,120,High Stock,5,4.2
33,2025-08-22,2025-08,Completed,1127,Germany,15,Wall Shelf 1,Home,HomeStyle,4,HomeStyle Distribution,3,129.32,387.96,79.21,131.96,52.75,0.3997,150,High Stock,4,4.5
33,2025-08-22,2025-08,Completed,1127,Germany,79,Reusable Bottle 9,Green Living,EcoTrend,8,EcoTrend Supply,3,25.67,77.01,13.65,25.67,12.02,0.4683,18,Low Stock,6,4.3
33,2025-08-22,2025-08,Completed,1127,Germany,1,Wireless Mouse 1,Electronics,TechNova,1,TechNova Supplies,1,9.83,9.83,6.88,9.83,2.95,0.3001,25,Medium Stock,3,4.8
33,2025-08-22,2025-08,Completed,1127,Germany,39,Resistance Band 11,Fitness,UrbanFit,5,UrbanFit Partners,2,40.53,81.06,25.89,40.53,14.64,0.3612,150,High Stock,7,3.9
34,2025-08-24,2025-08,Cancelled,1123,Netherlands,59,Monitor Stand 3,Office,OfficePlus,7,OfficePlus Vendor,1,129.44,129.44,71.06,129.44,58.38,0.451,60,Medium Stock,5,4.2
35,2025-08-24,2025-08,Completed,1028,Italy,17,Storage Box 3,Home,HomeStyle,4,HomeStyle Distribution,1,98.77,98.77,65.38,98.77,33.39,0.3381,12,Low Stock,4,4.5
35,2025-08-24,2025-08,Completed,1028,Italy,12,Wireless Mouse 12,Electronics,TechNova,1,TechNova Supplies,2,51.76,103.52,33.51,51.76,18.25,0.3526,60,Medium Stock,3,4.8
36,2025-08-27,2025-08,Completed,1015,Netherlands,5,Bluetooth Speaker 5,Electronics,TechNova,1,TechNova Supplies,2,52.59,105.18,38.69,55.36,16.67,0.3011,8,Low Stock,3,4.8
36,2025-08-27,2025-08,Completed,1015,Netherlands,21,Air Humidifier 7,Home,HomeStyle,4,HomeStyle Distribution,1,15.14,15.14,11.82,15.14,3.32,0.2193,12,Low Stock,4,4.5
36,2025-08-27,2025-08,Completed,1015,Netherlands,39,Resistance Band 11,Fitness,UrbanFit,5,UrbanFit Partners,3,39.72,119.16,25.89,40.53,14.64,0.3612,150,High Stock,7,3.9
36,2025-08-27,2025-08,Completed,1015,Netherlands,7,Smart Plug 7,Electronics,TechNova,1,TechNova Supplies,3,18.59,55.77,12.67,18.97,6.3,0.3321,60,Medium Stock,3,4.8
37,2025-08-27,2025-08,Returned,1098,Germany,25,Wall Shelf 11,Home,HomeStyle,4,HomeStyle Distribution,3,92.15,276.45,62.64,92.15,29.51,0.3202,40,Medium Stock,4,4.5
37,2025-08-27,2025-08,Returned,1098,Germany,1,Wireless Mouse 1,Electronics,TechNova,1,TechNova Supplies,2,9.83,19.66,6.88,9.83,2.95,0.3001,25,Medium Stock,3,4.8
37,2025-08-27,2025-08,Returned,1098,Germany,66,Desk Organizer 10,Office,OfficePlus,7,OfficePlus Vendor,2,74.96,149.92,52.78,74.96,22.18,0.2959,120,High Stock,5,4.2
37,2025-08-27,2025-08,Returned,1098,Germany,8,Smart Plug 8,Electronics,TechNova,1,TechNova Supplies,3,89.23,267.69,50.28,89.23,38.95,0.4365,120,High Stock,3,4.8
38,2025-08-28,2025-08,Completed,1161,Netherlands,18,Wall Shelf 4,Home,HomeStyle,4,HomeStyle Distribution,2,32.99,65.98,20.95,32.99,12.04,0.365,120,High Stock,4,4.5
38,2025-08-28,2025-08,Completed,1161,Netherlands,2,Wireless Mouse 2,Electronics,TechNova,1,TechNova Supplies,1,102.02,102.02,55.75,102.02,46.27,0.4535,12,Low Stock,3,4.8
39,2025-08-28,2025-08,Cancelled,1034,Spain,29,Yoga Mat 1,Fitness,UrbanFit,5,UrbanFit Partners,2,78.25,156.5,49.92,78.25,28.33,0.362,12,Low Stock,7,3.9
40,2025-08-28,2025-08,Completed,1092,Spain,69,Desk Organizer 13,Office,OfficePlus,7,OfficePlus Vendor,1,11.5,11.5,8.14,12.1,3.96,0.3273,8,Low Stock,5,4.2
40,2025-08-28,2025-08,Completed,1092,Spain,26,Desk Lamp 12,Home,HomeStyle,4,HomeStyle Distribution,3,69.34,208.02,39.03,72.99,33.96,0.4653,40,Medium Stock,4,4.5
40,2025-08-28,2025-08,Completed,1092,Spain,11,Bluetooth Speaker 11,Electronics,TechNova,1,TechNova Supplies,3,116.68,350.04,62.98,119.06,56.08,0.471,25,Medium Stock,3,4.8
41,2025-08-28,2025-08,Returned,1114,France,58,Notebook Set 2,Office,OfficePlus,7,OfficePlus Vendor,3,14.28,42.84,10.49,14.57,4.08,0.28,40,Medium Stock,5,4.2
41,2025-08-28,2025-08,Returned,1114,France,62,Desk Organizer 6,Office,OfficePlus,7,OfficePlus Vendor,2,43.13,86.26,24.83,45.4,20.57,0.4531,150,High Stock,5,4.2
41,2025-08-28,2025-08,Returned,1114,France,11,Bluetooth Speaker 11,Electronics,TechNova,1,TechNova Supplies,3,119.06,357.18,62.98,119.06,56.08,0.471,25,Medium Stock,3,4.8
41,2025-08-28,2025-08,Returned,1114,France,60,Desk Organizer 4,Office,OfficePlus,7,OfficePlus Vendor,2,60.69,121.38,37.86,60.69,22.83,0.3762,40,Medium Stock,5,4.2
42,2025-08-29,2025-08,Completed,1042,Italy,87,Drawing Kit 3,Kids,KidsWorld,9,KidsWorld Source,1,72.48,72.48,51.16,73.96,22.8,0.3083,150,High Stock,8,3.8
42,2025-08-29,2025-08,Completed,1042,Italy,11,Bluetooth Speaker 11,Electronics,TechNova,1,TechNova Supplies,1,119.06,119.06,62.98,119.06,56.08,0.471,25,Medium Stock,3,4.8
42,2025-08-29,2025-08,Completed,1042,Italy,60,Desk Organizer 4,Office,OfficePlus,7,OfficePlus Vendor,3,60.69,182.07,37.86,60.69,22.83,0.3762,40,Medium Stock,5,4.2
43,2025-08-30,2025-08,Completed,1113,Italy,53,Face Cleanser 11,Beauty,BeautyPro,6,BeautyPro Trade,1,78.06,78.06,55.64,78.06,22.42,0.2872,12,Low Stock,2,4.7
43,2025-08-30,2025-08,Completed,1113,Italy,32,Jump Rope 4,Fitness,UrbanFit,5,UrbanFit Partners,3,118.59,355.77,66.2,124.83,58.63,0.4697,150,High Stock,7,3.9
43,2025-08-30,2025-08,Completed,1113,Italy,4,Wireless Mouse 4,Electronics,TechNova,1,TechNova Supplies,2,76.74,153.48,47.09,80.78,33.69,0.4171,150,High Stock,3,4.8
44,2025-09-02,2025-09,Processing,1025,Italy,5,Bluetooth Speaker 5,Electronics,TechNova,1,TechNova Supplies,3,52.59,157.77,38.69,55.36,16.67,0.3011,8,Low Stock,3,4.8
44,2025-09-02,2025-09,Processing,1025,Italy,71,Bamboo Cutlery 1,Green Living,EcoTrend,8,EcoTrend Supply,1,128.79,128.79,78.04,135.57,57.53,0.4244,25,Medium Stock,6,4.3
45,2025-09-02,2025-09,Completed,1029,Netherlands,97,Drawing Kit 13,Kids,KidsWorld,9,KidsWorld Source,2,107.45,214.9,65.11,109.64,44.53,0.4061,150,High Stock,8,3.8
45,2025-09-02,2025-09,Completed,1029,Netherlands,50,Makeup Mirror 8,Beauty,BeautyPro,6,BeautyPro Trade,2,23.49,46.98,16.61,23.97,7.36,0.3071,8,Low Stock,2,4.7
45,2025-09-02,2025-09,Completed,1029,Netherlands,30,Foam Roller 2,Fitness,UrbanFit,5,UrbanFit Partners,1,126.95,126.95,70.9,126.95,56.05,0.4415,40,Medium Stock,7,3.9
45,2025-09-02,2025-09,Completed,1029,Netherlands,47,Hair Dryer 5,Beauty,BeautyPro,6,BeautyPro Trade,2,26.8,53.6,17.47,27.35,9.88,0.3612,25,Medium Stock,2,4.7
46,2025-09-02,2025-09,Returned,1028,Spain,42,Jump Rope 14,Fitness,UrbanFit,5,UrbanFit Partners,3,87.9,263.7,69.79,89.69,19.9,0.2219,12,Low Stock,7,3.9
46,2025-09-02,2025-09,Returned,1028,Spain,25,Wall Shelf 11,Home,HomeStyle,4,HomeStyle Distribution,3,87.54,262.62,62.64,92.15,29.51,0.3202,40,Medium Stock,4,4.5
46,2025-09-02,2025-09,Returned,1028,Spain,4,Wireless Mouse 4,Electronics,TechNova,1,TechNova Supplies,2,80.78,161.56,47.09,80.78,33.69,0.4171,150,High Stock,3,4.8
46,2025-09-02,2025-09,Returned,1028,Spain,66,Desk Organizer 10,Office,OfficePlus,7,OfficePlus Vendor,2,74.96,149.92,52.78,74.96,22.18,0.2959,120,High Stock,5,4.2
47,2025-09-02,2025-09,Completed,1088,Austria,25,Wall Shelf 11,Home,HomeStyle,4,HomeStyle Distribution,1,90.31,90.31,62.64,92.15,29.51,0.3202,40,Medium Stock,4,4.5
47,2025-09-02,2025-09,Completed,1088,Austria,66,Desk Organizer 10,Office,OfficePlus,7,OfficePlus Vendor,3,71.21,213.63,52.78,74.96,22.18,0.2959,120,High Stock,5,4.2
47,2025-09-02,2025-09,Completed,1088,Austria,16,Wall Shelf 2,Home,HomeStyle,4,HomeStyle Distribution,3,119.67,359.01,68.21,119.67,51.46,0.43,25,Medium Stock,4,4.5
48,2025-09-04,2025-09,Completed,1097,Italy,1,Wireless Mouse 1,Electronics,TechNova,1,TechNova Supplies,1,9.34,9.34,6.88,9.83,2.95,0.3001,25,Medium Stock,3,4.8
48,2025-09-04,2025-09,Completed,1097,Italy,10,Smart Plug 10,Electronics,TechNova,1,TechNova Supplies,3,82.5,247.5,48.3,82.5,34.2,0.4145,8,Low Stock,3,4.8
48,2025-09-04,2025-09,Completed,1097,Italy,32,Jump Rope 4,Fitness,UrbanFit,5,UrbanFit Partners,3,122.33,366.99,66.2,124.83,58.63,0.4697,150,High Stock,7,3.9
48,2025-09-04,2025-09,Completed,1097,Italy,86,Drawing Kit 2,Kids,KidsWorld,9,KidsWorld Source,3,30.99,92.97,19.39,32.62,13.23,0.4056,90,High Stock,8,3.8
49,2025-09-04,2025-09,Completed,1022,Germany,7,Smart Plug 7,Electronics,TechNova,1,TechNova Supplies,1,18.97,18.97,12.67,18.97,6.3,0.3321,60,Medium Stock,3,4.8
49,2025-09-04,2025-09,Completed,1022,Germany,71,Bamboo Cutlery 1,Green Living,EcoTrend,8,EcoTrend Supply,3,132.86,398.58,78.04,135.57,57.53,0.4244,25,Medium Stock,6,4.3
49,2025-09-04,2025-09,Completed,1022,Germany,37,Resistance Band 9,Fitness,UrbanFit,5,UrbanFit Partners,2,61.64,123.28,49.13,61.64,12.51,0.203,8,Low Stock,7,3.9
49,2025-09-04,2025-09,Completed,1022,Germany,67,Pen Kit 11,Office,OfficePlus,7,OfficePlus Vendor,3,59.15,177.45,47.07,62.26,15.19,0.244,18,Low Stock,5,4.2
50,2025-09-05,2025-09,Completed,1043,Netherlands,19,Wall Shelf 5,Home,HomeStyle,4,HomeStyle Distribution,1,26.83,26.83,15.47,26.83,11.36,0.4234,150,High Stock,4,4.5
50,2025-09-05,2025-09,Completed,1043,Netherlands,69,Desk Organizer 13,Office,OfficePlus,7,OfficePlus Vendor,3,12.1,36.3,8.14,12.1,3.96,0.3273,8,Low Stock,5,4.2
50,2025-09-05,2025-09,Completed,1043,Netherlands,60,Desk Organizer 4,Office,OfficePlus,7,OfficePlus Vendor,2,60.69,121.38,37.86,60.69,22.83,0.3762,40,Medium Stock,5,4.2
50,2025-09-05,2025-09,Completed,1043,Netherlands,15,Wall Shelf 1,Home,HomeStyle,4,HomeStyle Distribution,3,131.96,395.88,79.21,131.96,52.75,0.3997,150,High Stock,4,4.5
51,2025-09-06,2025-09,Cancelled,1048,Italy,8,Smart Plug 8,Electronics,TechNova,1,TechNova Supplies,1,89.23,89.23,50.28,89.23,38.95,0.4365,120,High Stock,3,4.8
51,2025-09-06,2025-09,Cancelled,1048,Italy,73,Lunch Box 3,Green Living,EcoTrend,8,EcoTrend Supply,2,88.31,176.62,60.24,88.31,28.07,0.3179,90,High Stock,6,4.3
51,2025-09-06,2025-09,Cancelled,1048,Italy,90,Drawing Kit 6,Kids,KidsWorld,9,KidsWorld Source,3,78.05,234.15,54.41,78.05,23.64,0.3029,60,Medium Stock,8,3.8
51,2025-09-06,2025-09,Cancelled,1048,Italy,2,Wireless Mouse 2,Electronics,TechNova,1,TechNova Supplies,2,102.02,204.04,55.75,102.02,46.27,0.4535,12,Low Stock,3,4.8
52,2025-09-06,2025-09,Completed,1175,Italy,56,Body Lotion 14,Beauty,BeautyPro,6,BeautyPro Trade,2,57.32,114.64,34.68,58.49,23.81,0.4071,40,Medium Stock,2,4.7
52,2025-09-06,2025-09,Completed,1175,Italy,80,Compost Bin 10,Green Living,EcoTrend,8,EcoTrend Supply,2,12.25,24.5,7.87,12.89,5.02,0.3894,60,Medium Stock,6,4.3
52,2025-09-06,2025-09,Completed,1175,Italy,71,Bamboo Cutlery 1,Green Living,EcoTrend,8,EcoTrend Supply,2,135.57,271.14,78.04,135.57,57.53,0.4244,25,Medium Stock,6,4.3
53,2025-09-07,2025-09,Completed,1092,Italy,90,Drawing Kit 6,Kids,KidsWorld,9,KidsWorld Source,1,74.15,74.15,54.41,78.05,23.64,0.3029,60,Medium Stock,8,3.8
53,2025-09-07,2025-09,Completed,1092,Italy,59,Monitor Stand 3,Office,OfficePlus,7,OfficePlus Vendor,1,129.44,129.44,71.06,129.44,58.38,0.451,60,Medium Stock,5,4.2
54,2025-09-07,2025-09,Returned,1128,Spain,30,Foam Roller 2,Fitness,UrbanFit,5,UrbanFit Partners,2,120.6,241.2,70.9,126.95,56.05,0.4415,40,Medium Stock,7,3.9
54,2025-09-07,2025-09,Returned,1128,Spain,20,Air Humidifier 6,Home,HomeStyle,4,HomeStyle Distribution,1,107.03,107.03,72.34,109.21,36.87,0.3376,25,Medium Stock,4,4.5
54,2025-09-07,2025-09,Returned,1128,Spain,21,Air Humidifier 7,Home,HomeStyle,4,HomeStyle Distribution,3,14.84,44.52,11.82,15.14,3.32,0.2193,12,Low Stock,4,4.5
55,2025-09-07,2025-09,Completed,1004,Austria,55,Body Lotion 13,Beauty,BeautyPro,6,BeautyPro Trade,1,98.66,98.66,75.1,103.85,28.75,0.2768,60,Medium Stock,2,4.7
55,2025-09-07,2025-09,Completed,1004,Austria,57,Monitor Stand 1,Office,OfficePlus,7,OfficePlus Vendor,3,131.83,395.49,74.68,138.77,64.09,0.4618,8,Low Stock,5,4.2
55,2025-09-07,2025-09,Completed,1004,Austria,13,Smart Plug 13,Electronics,TechNova,1,TechNova Supplies,2,50.68,101.36,31.65,53.35,21.7,0.4067,12,Low Stock,3,4.8
56,2025-09-08,2025-09,Completed,1116,France,73,Lunch Box 3,Green Living,EcoTrend,8,EcoTrend Supply,2,83.89,167.78,60.24,88.31,28.07,0.3179,90,High Stock,6,4.3
56,2025-09-08,2025-09,Completed,1116,France,54,Hair Dryer 12,Beauty,BeautyPro,6,BeautyPro Trade,1,60.54,60.54,48.42,61.78,13.36,0.2163,12,Low Stock,2,4.7
56,2025-09-08,2025-09,Completed,1116,France,40,Jump Rope 12,Fitness,UrbanFit,5,UrbanFit Partners,3,36.16,108.48,23.22,36.16,12.94,0.3579,90,High Stock,7,3.9
57,2025-09-08,2025-09,Completed,1000,France,32,Jump Rope 4,Fitness,UrbanFit,5,UrbanFit Partners,2,124.83,249.66,66.2,124.83,58.63,0.4697,150,High Stock,7,3.9
57,2025-09-08,2025-09,Completed,1000,France,38,Yoga Mat 10,Fitness,UrbanFit,5,UrbanFit Partners,2,131.88,263.76,72.91,131.88,58.97,0.4471,12,Low Stock,7,3.9
57,2025-09-08,2025-09,Completed,1000,France,10,Smart Plug 10,Electronics,TechNova,1,TechNova Supplies,3,78.38,235.14,48.3,82.5,34.2,0.4145,8,Low Stock,3,4.8
57,2025-09-08,2025-09,Completed,1000,France,13,Smart Plug 13,Electronics,TechNova,1,TechNova Supplies,2,50.68,101.36,31.65,53.35,21.7,0.4067,12,Low Stock,3,4.8
58,2025-09-09,2025-09,Cancelled,1098,Germany,6,Bluetooth Speaker 6,Electronics,TechNova,1,TechNova Supplies,1,80.17,80.17,57.36,84.39,27.03,0.3203,18,Low Stock,3,4.8
58,2025-09-09,2025-09,Cancelled,1098,Germany,10,Smart Plug 10,Electronics,TechNova,1,TechNova Supplies,3,82.5,247.5,48.3,82.5,34.2,0.4145,8,Low Stock,3,4.8
59,2025-09-10,2025-09,Returned,1021,Austria,31,Yoga Mat 3,Fitness,UrbanFit,5,UrbanFit Partners,2,37.35,74.7,23.07,37.35,14.28,0.3823,12,Low Stock,7,3.9
59,2025-09-10,2025-09,Returned,1021,Austria,37,Resistance Band 9,Fitness,UrbanFit,5,UrbanFit Partners,3,61.64,184.92,49.13,61.64,12.51,0.203,8,Low Stock,7,3.9
59,2025-09-10,2025-09,Returned,1021,Austria,2,Wireless Mouse 2,Electronics,TechNova,1,TechNova Supplies,1,96.92,96.92,55.75,102.02,46.27,0.4535,12,Low Stock,3,4.8
60,2025-09-10,2025-09,Completed,1062,Spain,63,Monitor Stand 7,Office,OfficePlus,7,OfficePlus Vendor,3,34.43,103.29,26.13,36.24,10.11,0.279,60,Medium Stock,5,4.2
60,2025-09-10,2025-09,Completed,1062,Spain,19,Wall Shelf 5,Home,HomeStyle,4,HomeStyle Distribution,1,26.83,26.83,15.47,26.83,11.36,0.4234,150,High Stock,4,4.5
61,2025-09-11,2025-09,Completed,1172,Spain,80,Compost Bin 10,Green Living,EcoTrend,8,EcoTrend Supply,2,12.63,25.26,7.87,12.89,5.02,0.3894,60,Medium Stock,6,4.3
61,2025-09-11,2025-09,Completed,1172,Spain,91,Drawing Kit 7,Kids,KidsWorld,9,KidsWorld Source,3,73.55,220.65,55.46,77.42,21.96,0.2836,25,Medium Stock,8,3.8
61,2025-09-11,2025-09,Completed,1172,Spain,12,Wireless Mouse 12,Electronics,TechNova,1,TechNova Supplies,2,51.76,103.52,33.51,51.76,18.25,0.3526,60,Medium Stock,3,4.8
61,2025-09-11,2025-09,Completed,1172,Spain,31,Yoga Mat 3,Fitness,UrbanFit,5,UrbanFit Partners,2,35.48,70.96,23.07,37.35,14.28,0.3823,12,Low Stock,7,3.9
62,2025-09-11,2025-09,Processing,1159,Italy,1,Wireless Mouse 1,Electronics,TechNova,1,TechNova Supplies,3,9.83,29.49,6.88,9.83,2.95,0.3001,25,Medium Stock,3,4.8
62,2025-09-11,2025-09,Processing,1159,Italy,43,Makeup Mirror 1,Beauty,BeautyPro,6,BeautyPro Trade,1,105.55,105.55,59.62,105.55,45.93,0.4351,12,Low Stock,2,4.7
62,2025-09-11,2025-09,Processing,1159,Italy,44,Hair Dryer 2,Beauty,BeautyPro,6,BeautyPro Trade,1,29.12,29.12,19.27,29.71,10.44,0.3514,90,High Stock,2,4.7
62,2025-09-11,2025-09,Processing,1159,Italy,16,Wall Shelf 2,Home,HomeStyle,4,HomeStyle Distribution,2,119.67,239.34,68.21,119.67,51.46,0.43,25,Medium Stock,4,4.5
63,2025-09-13,2025-09,Returned,1134,Spain,39,Resistance Band 11,Fitness,UrbanFit,5,UrbanFit Partners,2,40.53,81.06,25.89,40.53,14.64,0.3612,150,High Stock,7,3.9
64,2025-09-13,2025-09,Returned,1053,France,14,Bluetooth Speaker 14,Electronics,TechNova,1,TechNova Supplies,1,62.23,62.23,45.06,63.5,18.44,0.2904,120,High Stock,3,4.8
64,2025-09-13,2025-09,Returned,1053,France,10,Smart Plug 10,Electronics,TechNova,1,TechNova Supplies,2,82.5,165.0,48.3,82.5,34.2,0.4145,8,Low Stock,3,4.8
65,2025-09-14,2025-09,Returned,1007,Netherlands,48,Makeup Mirror 6,Beauty,BeautyPro,6,BeautyPro Trade,2,96.66,193.32,72.68,98.63,25.95,0.2631,8,Low Stock,2,4.7
66,2025-09-14,2025-09,Completed,1057,Netherlands,21,Air Humidifier 7,Home,HomeStyle,4,HomeStyle Distribution,1,14.38,14.38,11.82,15.14,3.32,0.2193,12,Low Stock,4,4.5
66,2025-09-14,2025-09,Completed,1057,Netherlands,42,Jump Rope 14,Fitness,UrbanFit,5,UrbanFit Partners,3,89.69,269.07,69.79,89.69,19.9,0.2219,12,Low Stock,7,3.9
66,2025-09-14,2025-09,Completed,1057,Netherlands,29,Yoga Mat 1,Fitness,UrbanFit,5,UrbanFit Partners,3,74.34,223.02,49.92,78.25,28.33,0.362,12,Low Stock,7,3.9
67,2025-09-17,2025-09,Completed,1068,Austria,96,Puzzle Set 12,Kids,KidsWorld,9,KidsWorld Source,1,86.43,86.43,46.81,86.43,39.62,0.4584,12,Low Stock,8,3.8
67,2025-09-17,2025-09,Completed,1068,Austria,10,Smart Plug 10,Electronics,TechNova,1,TechNova Supplies,3,82.5,247.5,48.3,82.5,34.2,0.4145,8,Low Stock,3,4.8
68,2025-09-17,2025-09,Completed,1019,Spain,32,Jump Rope 4,Fitness,UrbanFit,5,UrbanFit Partners,2,124.83,249.66,66.2,124.83,58.63,0.4697,150,High Stock,7,3.9
68,2025-09-17,2025-09,Completed,1019,Spain,51,Face Cleanser 9,Beauty,BeautyPro,6,BeautyPro Trade,1,78.65,78.65,61.1,78.65,17.55,0.2231,120,High Stock,2,4.7
68,2025-09-17,2025-09,Completed,1019,Spain,26,Desk Lamp 12,Home,HomeStyle,4,HomeStyle Distribution,3,69.34,208.02,39.03,72.99,33.96,0.4653,40,Medium Stock,4,4.5
68,2025-09-17,2025-09,Completed,1019,Spain,93,Toy Basket 9,Kids,KidsWorld,9,KidsWorld Source,2,113.74,227.48,71.46,116.06,44.6,0.3843,90,High Stock,8,3.8
69,2025-09-17,2025-09,Cancelled,1118,Germany,55,Body Lotion 13,Beauty,BeautyPro,6,BeautyPro Trade,2,103.85,207.7,75.1,103.85,28.75,0.2768,60,Medium Stock,2,4.7
69,2025-09-17,2025-09,Cancelled,1118,Germany,48,Makeup Mirror 6,Beauty,BeautyPro,6,BeautyPro Trade,3,96.66,289.98,72.68,98.63,25.95,0.2631,8,Low Stock,2,4.7
69,2025-09-17,2025-09,Cancelled,1118,Germany,59,Monitor Stand 3,Office,OfficePlus,7,OfficePlus Vendor,1,129.44,129.44,71.06,129.44,58.38,0.451,60,Medium Stock,5,4.2
70,2025-09-17,2025-09,Completed,1053,Spain,88,Puzzle Set 4,Kids,KidsWorld,9,KidsWorld Source,3,37.76,113.28,27.79,38.53,10.74,0.2787,60,Medium Stock,8,3.8
70,2025-09-17,2025-09,Completed,1053,Spain,79,Reusable Bottle 9,Green Living,EcoTrend,8,EcoTrend Supply,3,25.16,75.48,13.65,25.67,12.02,0.4683,18,Low Stock,6,4.3
70,2025-09-17,2025-09,Completed,1053,Spain,55,Body Lotion 13,Beauty,BeautyPro,6,BeautyPro Trade,3,98.66,295.98,75.1,103.85,28.75,0.2768,60,Medium Stock,2,4.7
70,2025-09-17,2025-09,Completed,1053,Spain,58,Notebook Set 2,Office,OfficePlus,7,OfficePlus Vendor,2,14.28,28.56,10.49,14.57,4.08,0.28,40,Medium Stock,5,4.2
71,2025-09-17,2025-09,Cancelled,1102,France,9,Wireless Mouse 9,Electronics,TechNova,1,TechNova Supplies,2,116.66,233.32,77.98,116.66,38.68,0.3316,150,High Stock,3,4.8
71,2025-09-17,2025-09,Cancelled,1102,France,7,Smart Plug 7,Electronics,TechNova,1,TechNova Supplies,1,18.02,18.02,12.67,18.97,6.3,0.3321,60,Medium Stock,3,4.8
71,2025-09-17,2025-09,Cancelled,1102,France,40,Jump Rope 12,Fitness,UrbanFit,5,UrbanFit Partners,2,36.16,72.32,23.22,36.16,12.94,0.3579,90,High Stock,7,3.9
72,2025-09-18,2025-09,Processing,1053,France,2,Wireless Mouse 2,Electronics,TechNova,1,TechNova Supplies,3,99.98,299.94,55.75,102.02,46.27,0.4535,12,Low Stock,3,4.8
72,2025-09-18,2025-09,Processing,1053,France,33,Resistance Band 5,Fitness,UrbanFit,5,UrbanFit Partners,1,22.35,22.35,14.63,22.81,8.18,0.3586,150,High Stock,7,3.9
72,2025-09-18,2025-09,Processing,1053,France,13,Smart Plug 13,Electronics,TechNova,1,TechNova Supplies,2,50.68,101.36,31.65,53.35,21.7,0.4067,12,Low Stock,3,4.8
73,2025-09-19,2025-09,Cancelled,1050,France,23,Air Humidifier 9,Home,HomeStyle,4,HomeStyle Distribution,3,77.23,231.69,49.69,77.23,27.54,0.3566,40,Medium Stock,4,4.5
74,2025-09-20,2025-09,Completed,1042,Spain,61,Notebook Set 5,Office,OfficePlus,7,OfficePlus Vendor,1,86.95,86.95,55.09,88.72,33.63,0.3791,12,Low Stock,5,4.2
74,2025-09-20,2025-09,Completed,1042,Spain,85,Night Light 1,Kids,KidsWorld,9,KidsWorld Source,1,78.83,78.83,55.02,80.44,25.42,0.316,40,Medium Stock,8,3.8
74,2025-09-20,2025-09,Completed,1042,Spain,5,Bluetooth Speaker 5,Electronics,TechNova,1,TechNova Supplies,3,55.36,166.08,38.69,55.36,16.67,0.3011,8,Low Stock,3,4.8
74,2025-09-20,2025-09,Completed,1042,Spain,37,Resistance Band 9,Fitness,UrbanFit,5,UrbanFit Partners,3,60.41,181.23,49.13,61.64,12.51,0.203,8,Low Stock,7,3.9
75,2025-09-20,2025-09,Returned,1154,Italy,75,Reusable Bottle 5,Green Living,EcoTrend,8,EcoTrend Supply,3,96.77,290.31,69.39,96.77,27.38,0.2829,120,High Stock,6,4.3
75,2025-09-20,2025-09,Returned,1154,Italy,5,Bluetooth Speaker 5,Electronics,TechNova,1,TechNova Supplies,2,55.36,110.72,38.69,55.36,16.67,0.3011,8,Low Stock,3,4.8
76,2025-09-20,2025-09,Completed,1061,Italy,67,Pen Kit 11,Office,OfficePlus,7,OfficePlus Vendor,3,62.26,186.78,47.07,62.26,15.19,0.244,18,Low Stock,5,4.2
76,2025-09-20,2025-09,Completed,1061,Italy,24,Storage Box 10,Home,HomeStyle,4,HomeStyle Distribution,3,72.72,218.16,56.02,74.2,18.18,0.245,150,High Stock,4,4.5
76,2025-09-20,2025-09,Completed,1061,Italy,21,Air Humidifier 7,Home,HomeStyle,4,HomeStyle Distribution,1,15.14,15.14,11.82,15.14,3.32,0.2193,12,Low Stock,4,4.5
76,2025-09-20,2025-09,Completed,1061,Italy,94,Toy Basket 10,Kids,KidsWorld,9,KidsWorld Source,2,38.28,76.56,23.3,39.06,15.76,0.4035,8,Low Stock,8,3.8
77,2025-09-21,2025-09,Processing,1110,Italy,13,Smart Plug 13,Electronics,TechNova,1,TechNova Supplies,1,53.35,53.35,31.65,53.35,21.7,0.4067,12,Low Stock,3,4.8
77,2025-09-21,2025-09,Processing,1110,Italy,52,Hair Dryer 10,Beauty,BeautyPro,6,BeautyPro Trade,3,14.65,43.95,9.27,14.65,5.38,0.3672,18,Low Stock,2,4.7
77,2025-09-21,2025-09,Processing,1110,Italy,66,Desk Organizer 10,Office,OfficePlus,7,OfficePlus Vendor,3,73.46,220.38,52.78,74.96,22.18,0.2959,120,High Stock,5,4.2
77,2025-09-21,2025-09,Processing,1110,Italy,3,USB-C Hub 3,Electronics,TechNova,1,TechNova Supplies,1,9.48,9.48,7.38,9.67,2.29,0.2368,25,Medium Stock,3,4.8
78,2025-09-21,2025-09,Completed,1147,Netherlands,50,Makeup Mirror 8,Beauty,BeautyPro,6,BeautyPro Trade,2,22.77,45.54,16.61,23.97,7.36,0.3071,8,Low Stock,2,4.7
78,2025-09-21,2025-09,Completed,1147,Netherlands,88,Puzzle Set 4,Kids,KidsWorld,9,KidsWorld Source,1,37.76,37.76,27.79,38.53,10.74,0.2787,60,Medium Stock,8,3.8
78,2025-09-21,2025-09,Completed,1147,Netherlands,8,Smart Plug 8,Electronics,TechNova,1,TechNova Supplies,1,84.77,84.77,50.28,89.23,38.95,0.4365,120,High Stock,3,4.8
79,2025-09-21,2025-09,Completed,1160,Austria,77,Lunch Box 7,Green Living,EcoTrend,8,EcoTrend Supply,3,49.92,149.76,34.88,49.92,15.04,0.3013,12,Low Stock,6,4.3
79,2025-09-21,2025-09,Completed,1160,Austria,42,Jump Rope 14,Fitness,UrbanFit,5,UrbanFit Partners,3,85.21,255.63,69.79,89.69,19.9,0.2219,12,Low Stock,7,3.9
80,2025-09-22,2025-09,Returned,1113,Austria,44,Hair Dryer 2,Beauty,BeautyPro,6,BeautyPro Trade,2,29.71,59.42,19.27,29.71,10.44,0.3514,90,High Stock,2,4.7
80,2025-09-22,2025-09,Returned,1113,Austria,44,Hair Dryer 2,Beauty,BeautyPro,6,BeautyPro Trade,2,29.71,59.42,19.27,29.71,10.44,0.3514,90,High Stock,2,4.7
80,2025-09-22,2025-09,Returned,1113,Austria,19,Wall Shelf 5,Home,HomeStyle,4,HomeStyle Distribution,2,26.83,53.66,15.47,26.83,11.36,0.4234,150,High Stock,4,4.5
81,2025-09-22,2025-09,Completed,1008,Spain,84,Compost Bin 14,Green Living,EcoTrend,8,EcoTrend Supply,3,71.41,214.23,54.75,72.87,18.12,0.2487,40,Medium Stock,6,4.3
81,2025-09-22,2025-09,Completed,1008,Spain,87,Drawing Kit 3,Kids,KidsWorld,9,KidsWorld Source,3,70.26,210.78,51.16,73.96,22.8,0.3083,150,High Stock,8,3.8
81,2025-09-22,2025-09,Completed,1008,Spain,45,Body Lotion 3,Beauty,BeautyPro,6,BeautyPro Trade,1,70.75,70.75,39.7,72.19,32.49,0.4501,12,Low Stock,2,4.7
82,2025-09-22,2025-09,Cancelled,1005,Germany,62,Desk Organizer 6,Office,OfficePlus,7,OfficePlus Vendor,1,43.13,43.13,24.83,45.4,20.57,0.4531,150,High Stock,5,4.2
82,2025-09-22,2025-09,Cancelled,1005,Germany,44,Hair Dryer 2,Beauty,BeautyPro,6,BeautyPro Trade,3,29.12,87.36,19.27,29.71,10.44,0.3514,90,High Stock,2,4.7
83,2025-09-22,2025-09,Processing,1035,Italy,33,Resistance Band 5,Fitness,UrbanFit,5,UrbanFit Partners,3,22.81,68.43,14.63,22.81,8.18,0.3586,150,High Stock,7,3.9
83,2025-09-22,2025-09,Processing,1035,Italy,49,Body Lotion 7,Beauty,BeautyPro,6,BeautyPro Trade,3,124.57,373.71,74.49,131.13,56.64,0.4319,40,Medium Stock,2,4.7
84,2025-09-23,2025-09,Completed,1041,Austria,39,Resistance Band 11,Fitness,UrbanFit,5,UrbanFit Partners,1,38.5,38.5,25.89,40.53,14.64,0.3612,150,High Stock,7,3.9
84,2025-09-23,2025-09,Completed,1041,Austria,43,Makeup Mirror 1,Beauty,BeautyPro,6,BeautyPro Trade,1,105.55,105.55,59.62,105.55,45.93,0.4351,12,Low Stock,2,4.7
84,2025-09-23,2025-09,Completed,1041,Austria,62,Desk Organizer 6,Office,OfficePlus,7,OfficePlus Vendor,2,45.4,90.8,24.83,45.4,20.57,0.4531,150,High Stock,5,4.2
85,2025-09-23,2025-09,Cancelled,1057,Germany,33,Resistance Band 5,Fitness,UrbanFit,5,UrbanFit Partners,1,22.81,22.81,14.63,22.81,8.18,0.3586,150,High Stock,7,3.9
85,2025-09-23,2025-09,Cancelled,1057,Germany,3,USB-C Hub 3,Electronics,TechNova,1,TechNova Supplies,3,9.67,29.01,7.38,9.67,2.29,0.2368,25,Medium Stock,3,4.8
85,2025-09-23,2025-09,Cancelled,1057,Germany,10,Smart Plug 10,Electronics,TechNova,1,TechNova Supplies,2,82.5,165.0,48.3,82.5,34.2,0.4145,8,Low Stock,3,4.8
85,2025-09-23,2025-09,Cancelled,1057,Germany,30,Foam Roller 2,Fitness,UrbanFit,5,UrbanFit Partners,2,120.6,241.2,70.9,126.95,56.05,0.4415,40,Medium Stock,7,3.9
86,2025-09-23,2025-09,Completed,1048,Spain,55,Body Lotion 13,Beauty,BeautyPro,6,BeautyPro Trade,2,103.85,207.7,75.1,103.85,28.75,0.2768,60,Medium Stock,2,4.7
86,2025-09-23,2025-09,Completed,1048,Spain,42,Jump Rope 14,Fitness,UrbanFit,5,UrbanFit Partners,2,89.69,179.38,69.79,89.69,19.9,0.2219,12,Low Stock,7,3.9
86,2025-09-23,2025-09,Completed,1048,Spain,48,Makeup Mirror 6,Beauty,BeautyPro,6,BeautyPro Trade,2,93.7,187.4,72.68,98.63,25.95,0.2631,8,Low Stock,2,4.7
86,2025-09-23,2025-09,Completed,1048,Spain,33,Resistance Band 5,Fitness,UrbanFit,5,UrbanFit Partners,3,22.81,68.43,14.63,22.81,8.18,0.3586,150,High Stock,7,3.9
87,2025-09-23,2025-09,Completed,1073,Germany,44,Hair Dryer 2,Beauty,BeautyPro,6,BeautyPro Trade,2,29.71,59.42,19.27,29.71,10.44,0.3514,90,High Stock,2,4.7
87,2025-09-23,2025-09,Completed,1073,Germany,21,Air Humidifier 7,Home,HomeStyle,4,HomeStyle Distribution,1,14.38,14.38,11.82,15.14,3.32,0.2193,12,Low Stock,4,4.5
87,2025-09-23,2025-09,Completed,1073,Germany,32,Jump Rope 4,Fitness,UrbanFit,5,UrbanFit Partners,1,122.33,122.33,66.2,124.83,58.63,0.4697,150,High Stock,7,3.9
88,2025-09-23,2025-09,Processing,1034,Spain,57,Monitor Stand 1,Office,OfficePlus,7,OfficePlus Vendor,1,135.99,135.99,74.68,138.77,64.09,0.4618,8,Low Stock,5,4.2
88,2025-09-23,2025-09,Processing,1034,Spain,73,Lunch Box 3,Green Living,EcoTrend,8,EcoTrend Supply,2,83.89,167.78,60.24,88.31,28.07,0.3179,90,High Stock,6,4.3
88,2025-09-23,2025-09,Processing,1034,Spain,29,Yoga Mat 1,Fitness,UrbanFit,5,UrbanFit Partners,1,78.25,78.25,49.92,78.25,28.33,0.362,12,Low Stock,7,3.9
89,2025-09-24,2025-09,Completed,1016,Austria,3,USB-C Hub 3,Electronics,TechNova,1,TechNova Supplies,3,9.67,29.01,7.38,9.67,2.29,0.2368,25,Medium Stock,3,4.8
89,2025-09-24,2025-09,Completed,1016,Austria,10,Smart Plug 10,Electronics,TechNova,1,TechNova Supplies,3,82.5,247.5,48.3,82.5,34.2,0.4145,8,Low Stock,3,4.8
89,2025-09-24,2025-09,Completed,1016,Austria,2,Wireless Mouse 2,Electronics,TechNova,1,TechNova Supplies,1,102.02,102.02,55.75,102.02,46.27,0.4535,12,Low Stock,3,4.8
89,2025-09-24,2025-09,Completed,1016,Austria,48,Makeup Mirror 6,Beauty,BeautyPro,6,BeautyPro Trade,1,96.66,96.66,72.68,98.63,25.95,0.2631,8,Low Stock,2,4.7
90,2025-09-27,2025-09,Returned,1066,Germany,22,Desk Lamp 8,Home,HomeStyle,4,HomeStyle Distribution,1,98.19,98.19,64.41,98.19,33.78,0.344,12,Low Stock,4,4.5
90,2025-09-27,2025-09,Returned,1066,Germany,38,Yoga Mat 10,Fitness,UrbanFit,5,UrbanFit Partners,3,131.88,395.64,72.91,131.88,58.97,0.4471,12,Low Stock,7,3.9
91,2025-09-28,2025-09,Returned,1066,France,34,Foam Roller 6,Fitness,UrbanFit,5,UrbanFit Partners,2,73.3,146.6,44.58,73.3,28.72,0.3918,25,Medium Stock,7,3.9
91,2025-09-28,2025-09,Returned,1066,France,5,Bluetooth Speaker 5,Electronics,TechNova,1,TechNova Supplies,3,55.36,166.08,38.69,55.36,16.67,0.3011,8,Low Stock,3,4.8
92,2025-09-28,2025-09,Completed,1018,Netherlands,27,Desk Lamp 13,Home,HomeStyle,4,HomeStyle Distribution,1,55.69,55.69,43.08,56.83,13.75,0.2419,40,Medium Stock,4,4.5
93,2025-09-29,2025-09,Completed,1079,France,14,Bluetooth Speaker 14,Electronics,TechNova,1,TechNova Supplies,1,62.23,62.23,45.06,63.5,18.44,0.2904,120,High Stock,3,4.8
93,2025-09-29,2025-09,Completed,1079,France,28,Desk Lamp 14,Home,HomeStyle,4,HomeStyle Distribution,3,28.73,86.19,16.46,28.73,12.27,0.4271,150,High Stock,4,4.5
94,2025-09-29,2025-09,Completed,1151,Spain,13,Smart Plug 13,Electronics,TechNova,1,TechNova Supplies,1,53.35,53.35,31.65,53.35,21.7,0.4067,12,Low Stock,3,4.8
95,2025-10-01,2025-10,Cancelled,1127,France,69,Desk Organizer 13,Office,OfficePlus,7,OfficePlus Vendor,3,12.1,36.3,8.14,12.1,3.96,0.3273,8,Low Stock,5,4.2
95,2025-10-01,2025-10,Cancelled,1127,France,11,Bluetooth Speaker 11,Electronics,TechNova,1,TechNova Supplies,1,116.68,116.68,62.98,119.06,56.08,0.471,25,Medium Stock,3,4.8
95,2025-10-01,2025-10,Cancelled,1127,France,90,Drawing Kit 6,Kids,KidsWorld,9,KidsWorld Source,2,78.05,156.1,54.41,78.05,23.64,0.3029,60,Medium Stock,8,3.8
96,2025-10-01,2025-10,Processing,1029,France,28,Desk Lamp 14,Home,HomeStyle,4,HomeStyle Distribution,3,28.73,86.19,16.46,28.73,12.27,0.4271,150,High Stock,4,4.5
97,2025-10-01,2025-10,Returned,1092,Austria,70,Monitor Stand 14,Office,OfficePlus,7,OfficePlus Vendor,3,29.32,87.96,20.76,29.32,8.56,0.292,12,Low Stock,5,4.2
97,2025-10-01,2025-10,Returned,1092,Austria,46,Face Cleanser 4,Beauty,BeautyPro,6,BeautyPro Trade,2,16.7,33.4,8.79,16.7,7.91,0.4737,8,Low Stock,2,4.7
97,2025-10-01,2025-10,Returned,1092,Austria,56,Body Lotion 14,Beauty,BeautyPro,6,BeautyPro Trade,2,55.57,111.14,34.68,58.49,23.81,0.4071,40,Medium Stock,2,4.7
97,2025-10-01,2025-10,Returned,1092,Austria,60,Desk Organizer 4,Office,OfficePlus,7,OfficePlus Vendor,2,60.69,121.38,37.86,60.69,22.83,0.3762,40,Medium Stock,5,4.2
98,2025-10-01,2025-10,Completed,1093,Netherlands,35,Resistance Band 7,Fitness,UrbanFit,5,UrbanFit Partners,3,88.25,264.75,58.47,88.25,29.78,0.3375,60,Medium Stock,7,3.9
98,2025-10-01,2025-10,Completed,1093,Netherlands,38,Yoga Mat 10,Fitness,UrbanFit,5,UrbanFit Partners,2,129.24,258.48,72.91,131.88,58.97,0.4471,12,Low Stock,7,3.9
99,2025-10-02,2025-10,Returned,1121,Germany,36,Jump Rope 8,Fitness,UrbanFit,5,UrbanFit Partners,2,19.66,39.32,14.08,19.66,5.58,0.2838,60,Medium Stock,7,3.9
100,2025-10-02,2025-10,Cancelled,1177,Netherlands,42,Jump Rope 14,Fitness,UrbanFit,5,UrbanFit Partners,3,85.21,255.63,69.79,89.69,19.9,0.2219,12,Low Stock,7,3.9
100,2025-10-02,2025-10,Cancelled,1177,Netherlands,2,Wireless Mouse 2,Electronics,TechNova,1,TechNova Supplies,2,102.02,204.04,55.75,102.02,46.27,0.4535,12,Low Stock,3,4.8
100,2025-10-02,2025-10,Cancelled,1177,Netherlands,26,Desk Lamp 12,Home,HomeStyle,4,HomeStyle Distribution,1,69.34,69.34,39.03,72.99,33.96,0.4653,40,Medium Stock,4,4.5
100,2025-10-02,2025-10,Cancelled,1177,Netherlands,43,Makeup Mirror 1,Beauty,BeautyPro,6,BeautyPro Trade,2,105.55,211.1,59.62,105.55,45.93,0.4351,12,Low Stock,2,4.7
101,2025-10-03,2025-10,Completed,1103,France,43,Makeup Mirror 1,Beauty,BeautyPro,6,BeautyPro Trade,1,105.55,105.55,59.62,105.55,45.93,0.4351,12,Low Stock,2,4.7
101,2025-10-03,2025-10,Completed,1103,France,63,Monitor Stand 7,Office,OfficePlus,7,OfficePlus Vendor,3,35.52,106.56,26.13,36.24,10.11,0.279,60,Medium Stock,5,4.2
102,2025-10-04,2025-10,Returned,1089,Netherlands,48,Makeup Mirror 6,Beauty,BeautyPro,6,BeautyPro Trade,3,93.7,281.1,72.68,98.63,25.95,0.2631,8,Low Stock,2,4.7
102,2025-10-04,2025-10,Returned,1089,Netherlands,98,Night Light 14,Kids,KidsWorld,9,KidsWorld Source,2,136.7,273.4,76.25,139.49,63.24,0.4534,150,High Stock,8,3.8
102,2025-10-04,2025-10,Returned,1089,Netherlands,18,Wall Shelf 4,Home,HomeStyle,4,HomeStyle Distribution,1,31.34,31.34,20.95,32.99,12.04,0.365,120,High Stock,4,4.5
103,2025-10-05,2025-10,Returned,1080,Austria,24,Storage Box 10,Home,HomeStyle,4,HomeStyle Distribution,2,74.2,148.4,56.02,74.2,18.18,0.245,150,High Stock,4,4.5
104,2025-10-07,2025-10,Returned,1055,Netherlands,25,Wall Shelf 11,Home,HomeStyle,4,HomeStyle Distribution,2,92.15,184.3,62.64,92.15,29.51,0.3202,40,Medium Stock,4,4.5
104,2025-10-07,2025-10,Returned,1055,Netherlands,32,Jump Rope 4,Fitness,UrbanFit,5,UrbanFit Partners,2,122.33,244.66,66.2,124.83,58.63,0.4697,150,High Stock,7,3.9
104,2025-10-07,2025-10,Returned,1055,Netherlands,68,Notebook Set 12,Office,OfficePlus,7,OfficePlus Vendor,2,104.58,209.16,67.59,110.08,42.49,0.386,18,Low Stock,5,4.2
104,2025-10-07,2025-10,Returned,1055,Netherlands,15,Wall Shelf 1,Home,HomeStyle,4,HomeStyle Distribution,2,131.96,263.92,79.21,131.96,52.75,0.3997,150,High Stock,4,4.5
105,2025-10-07,2025-10,Returned,1167,France,61,Notebook Set 5,Office,OfficePlus,7,OfficePlus Vendor,3,86.95,260.85,55.09,88.72,33.63,0.3791,12,Low Stock,5,4.2
105,2025-10-07,2025-10,Returned,1167,France,27,Desk Lamp 13,Home,HomeStyle,4,HomeStyle Distribution,2,55.69,111.38,43.08,56.83,13.75,0.2419,40,Medium Stock,4,4.5
105,2025-10-07,2025-10,Returned,1167,France,43,Makeup Mirror 1,Beauty,BeautyPro,6,BeautyPro Trade,3,105.55,316.65,59.62,105.55,45.93,0.4351,12,Low Stock,2,4.7
105,2025-10-07,2025-10,Returned,1167,France,46,Face Cleanser 4,Beauty,BeautyPro,6,BeautyPro Trade,1,15.86,15.86,8.79,16.7,7.91,0.4737,8,Low Stock,2,4.7
106,2025-10-08,2025-10,Completed,1164,Germany,25,Wall Shelf 11,Home,HomeStyle,4,HomeStyle Distribution,1,92.15,92.15,62.64,92.15,29.51,0.3202,40,Medium Stock,4,4.5
107,2025-10-09,2025-10,Cancelled,1069,Germany,35,Resistance Band 7,Fitness,UrbanFit,5,UrbanFit Partners,3,88.25,264.75,58.47,88.25,29.78,0.3375,60,Medium Stock,7,3.9
107,2025-10-09,2025-10,Cancelled,1069,Germany,28,Desk Lamp 14,Home,HomeStyle,4,HomeStyle Distribution,1,28.16,28.16,16.46,28.73,12.27,0.4271,150,High Stock,4,4.5
107,2025-10-09,2025-10,Cancelled,1069,Germany,5,Bluetooth Speaker 5,Electronics,TechNova,1,TechNova Supplies,3,55.36,166.08,38.69,55.36,16.67,0.3011,8,Low Stock,3,4.8
107,2025-10-09,2025-10,Cancelled,1069,Germany,29,Yoga Mat 1,Fitness,UrbanFit,5,UrbanFit Partners,3,76.68,230.04,49.92,78.25,28.33,0.362,12,Low Stock,7,3.9
108,2025-10-10,2025-10,Returned,1011,Austria,6,Bluetooth Speaker 6,Electronics,TechNova,1,TechNova Supplies,2,80.17,160.34,57.36,84.39,27.03,0.3203,18,Low Stock,3,4.8
109,2025-10-10,2025-10,Cancelled,1061,Spain,27,Desk Lamp 13,Home,HomeStyle,4,HomeStyle Distribution,2,56.83,113.66,43.08,56.83,13.75,0.2419,40,Medium Stock,4,4.5
109,2025-10-10,2025-10,Cancelled,1061,Spain,42,Jump Rope 14,Fitness,UrbanFit,5,UrbanFit Partners,2,87.9,175.8,69.79,89.69,19.9,0.2219,12,Low Stock,7,3.9
109,2025-10-10,2025-10,Cancelled,1061,Spain,41,Yoga Mat 13,Fitness,UrbanFit,5,UrbanFit Partners,3,18.78,56.34,12.27,18.78,6.51,0.3466,90,High Stock,7,3.9
109,2025-10-10,2025-10,Cancelled,1061,Spain,49,Body Lotion 7,Beauty,BeautyPro,6,BeautyPro Trade,1,131.13,131.13,74.49,131.13,56.64,0.4319,40,Medium Stock,2,4.7
110,2025-10-11,2025-10,Returned,1020,Italy,6,Bluetooth Speaker 6,Electronics,TechNova,1,TechNova Supplies,1,84.39,84.39,57.36,84.39,27.03,0.3203,18,Low Stock,3,4.8
110,2025-10-11,2025-10,Returned,1020,Italy,48,Makeup Mirror 6,Beauty,BeautyPro,6,BeautyPro Trade,3,96.66,289.98,72.68,98.63,25.95,0.2631,8,Low Stock,2,4.7
110,2025-10-11,2025-10,Returned,1020,Italy,20,Air Humidifier 6,Home,HomeStyle,4,HomeStyle Distribution,1,107.03,107.03,72.34,109.21,36.87,0.3376,25,Medium Stock,4,4.5
110,2025-10-11,2025-10,Returned,1020,Italy,27,Desk Lamp 13,Home,HomeStyle,4,HomeStyle Distribution,3,55.69,167.07,43.08,56.83,13.75,0.2419,40,Medium Stock,4,4.5
111,2025-10-11,2025-10,Completed,1143,Germany,71,Bamboo Cutlery 1,Green Living,EcoTrend,8,EcoTrend Supply,3,128.79,386.37,78.04,135.57,57.53,0.4244,25,Medium Stock,6,4.3
111,2025-10-11,2025-10,Completed,1143,Germany,1,Wireless Mouse 1,Electronics,TechNova,1,TechNova Supplies,3,9.83,29.49,6.88,9.83,2.95,0.3001,25,Medium Stock,3,4.8
112,2025-10-12,2025-10,Completed,1169,Italy,42,Jump Rope 14,Fitness,UrbanFit,5,UrbanFit Partners,1,89.69,89.69,69.79,89.69,19.9,0.2219,12,Low Stock,7,3.9
112,2025-10-12,2025-10,Completed,1169,Italy,43,Makeup Mirror 1,Beauty,BeautyPro,6,BeautyPro Trade,3,103.44,310.32,59.62,105.55,45.93,0.4351,12,Low Stock,2,4.7
112,2025-10-12,2025-10,Completed,1169,Italy,26,Desk Lamp 12,Home,HomeStyle,4,HomeStyle Distribution,2,71.53,143.06,39.03,72.99,33.96,0.4653,40,Medium Stock,4,4.5
113,2025-10-14,2025-10,Cancelled,1116,Germany,15,Wall Shelf 1,Home,HomeStyle,4,HomeStyle Distribution,1,131.96,131.96,79.21,131.96,52.75,0.3997,150,High Stock,4,4.5
113,2025-10-14,2025-10,Cancelled,1116,Germany,15,Wall Shelf 1,Home,HomeStyle,4,HomeStyle Distribution,3,131.96,395.88,79.21,131.96,52.75,0.3997,150,High Stock,4,4.5
113,2025-10-14,2025-10,Cancelled,1116,Germany,75,Reusable Bottle 5,Green Living,EcoTrend,8,EcoTrend Supply,1,91.93,91.93,69.39,96.77,27.38,0.2829,120,High Stock,6,4.3
114,2025-10-14,2025-10,Cancelled,1156,Germany,30,Foam Roller 2,Fitness,UrbanFit,5,UrbanFit Partners,1,126.95,126.95,70.9,126.95,56.05,0.4415,40,Medium Stock,7,3.9
114,2025-10-14,2025-10,Cancelled,1156,Germany,22,Desk Lamp 8,Home,HomeStyle,4,HomeStyle Distribution,2,98.19,196.38,64.41,98.19,33.78,0.344,12,Low Stock,4,4.5
115,2025-10-14,2025-10,Completed,1146,Netherlands,30,Foam Roller 2,Fitness,UrbanFit,5,UrbanFit Partners,2,120.6,241.2,70.9,126.95,56.05,0.4415,40,Medium Stock,7,3.9
115,2025-10-14,2025-10,Completed,1146,Netherlands,49,Body Lotion 7,Beauty,BeautyPro,6,BeautyPro Trade,2,131.13,262.26,74.49,131.13,56.64,0.4319,40,Medium Stock,2,4.7
115,2025-10-14,2025-10,Completed,1146,Netherlands,9,Wireless Mouse 9,Electronics,TechNova,1,TechNova Supplies,3,114.33,342.99,77.98,116.66,38.68,0.3316,150,High Stock,3,4.8
115,2025-10-14,2025-10,Completed,1146,Netherlands,30,Foam Roller 2,Fitness,UrbanFit,5,UrbanFit Partners,3,124.41,373.23,70.9,126.95,56.05,0.4415,40,Medium Stock,7,3.9
116,2025-10-20,2025-10,Completed,1052,Austria,42,Jump Rope 14,Fitness,UrbanFit,5,UrbanFit Partners,1,89.69,89.69,69.79,89.69,19.9,0.2219,12,Low Stock,7,3.9
117,2025-10-20,2025-10,Completed,1095,France,87,Drawing Kit 3,Kids,KidsWorld,9,KidsWorld Source,3,73.96,221.88,51.16,73.96,22.8,0.3083,150,High Stock,8,3.8
117,2025-10-20,2025-10,Completed,1095,France,16,Wall Shelf 2,Home,HomeStyle,4,HomeStyle Distribution,2,119.67,239.34,68.21,119.67,51.46,0.43,25,Medium Stock,4,4.5
118,2025-10-20,2025-10,Processing,1031,Austria,24,Storage Box 10,Home,HomeStyle,4,HomeStyle Distribution,2,70.49,140.98,56.02,74.2,18.18,0.245,150,High Stock,4,4.5
118,2025-10-20,2025-10,Processing,1031,Austria,25,Wall Shelf 11,Home,HomeStyle,4,HomeStyle Distribution,2,87.54,175.08,62.64,92.15,29.51,0.3202,40,Medium Stock,4,4.5
118,2025-10-20,2025-10,Processing,1031,Austria,43,Makeup Mirror 1,Beauty,BeautyPro,6,BeautyPro Trade,1,103.44,103.44,59.62,105.55,45.93,0.4351,12,Low Stock,2,4.7
118,2025-10-20,2025-10,Processing,1031,Austria,23,Air Humidifier 9,Home,HomeStyle,4,HomeStyle Distribution,2,77.23,154.46,49.69,77.23,27.54,0.3566,40,Medium Stock,4,4.5
119,2025-10-21,2025-10,Completed,1140,Netherlands,37,Resistance Band 9,Fitness,UrbanFit,5,UrbanFit Partners,2,61.64,123.28,49.13,61.64,12.51,0.203,8,Low Stock,7,3.9
119,2025-10-21,2025-10,Completed,1140,Netherlands,62,Desk Organizer 6,Office,OfficePlus,7,OfficePlus Vendor,3,43.13,129.39,24.83,45.4,20.57,0.4531,150,High Stock,5,4.2
119,2025-10-21,2025-10,Completed,1140,Netherlands,53,Face Cleanser 11,Beauty,BeautyPro,6,BeautyPro Trade,1,76.5,76.5,55.64,78.06,22.42,0.2872,12,Low Stock,2,4.7
119,2025-10-21,2025-10,Completed,1140,Netherlands,30,Foam Roller 2,Fitness,UrbanFit,5,UrbanFit Partners,2,126.95,253.9,70.9,126.95,56.05,0.4415,40,Medium Stock,7,3.9
120,2025-10-21,2025-10,Completed,1143,France,72,Lunch Box 2,Green Living,EcoTrend,8,EcoTrend Supply,1,139.0,139.0,78.22,139.0,60.78,0.4373,90,High Stock,6,4.3
121,2025-10-21,2025-10,Completed,1130,Austria,39,Resistance Band 11,Fitness,UrbanFit,5,UrbanFit Partners,1,40.53,40.53,25.89,40.53,14.64,0.3612,150,High Stock,7,3.9
121,2025-10-21,2025-10,Completed,1130,Austria,38,Yoga Mat 10,Fitness,UrbanFit,5,UrbanFit Partners,2,129.24,258.48,72.91,131.88,58.97,0.4471,12,Low Stock,7,3.9
121,2025-10-21,2025-10,Completed,1130,Austria,3,USB-C Hub 3,Electronics,TechNova,1,TechNova Supplies,1,9.48,9.48,7.38,9.67,2.29,0.2368,25,Medium Stock,3,4.8
122,2025-10-23,2025-10,Completed,1057,Austria,96,Puzzle Set 12,Kids,KidsWorld,9,KidsWorld Source,3,82.11,246.33,46.81,86.43,39.62,0.4584,12,Low Stock,8,3.8
123,2025-10-23,2025-10,Completed,1019,Austria,8,Smart Plug 8,Electronics,TechNova,1,TechNova Supplies,1,89.23,89.23,50.28,89.23,38.95,0.4365,120,High Stock,3,4.8
123,2025-10-23,2025-10,Completed,1019,Austria,15,Wall Shelf 1,Home,HomeStyle,4,HomeStyle Distribution,3,125.36,376.08,79.21,131.96,52.75,0.3997,150,High Stock,4,4.5
123,2025-10-23,2025-10,Completed,1019,Austria,4,Wireless Mouse 4,Electronics,TechNova,1,TechNova Supplies,3,80.78,242.34,47.09,80.78,33.69,0.4171,150,High Stock,3,4.8
123,2025-10-23,2025-10,Completed,1019,Austria,47,Hair Dryer 5,Beauty,BeautyPro,6,BeautyPro Trade,1,26.8,26.8,17.47,27.35,9.88,0.3612,25,Medium Stock,2,4.7
124,2025-10-23,2025-10,Processing,1135,Netherlands,14,Bluetooth Speaker 14,Electronics,TechNova,1,TechNova Supplies,2,63.5,127.0,45.06,63.5,18.44,0.2904,120,High Stock,3,4.8
124,2025-10-23,2025-10,Processing,1135,Netherlands,11,Bluetooth Speaker 11,Electronics,TechNova,1,TechNova Supplies,2,119.06,238.12,62.98,119.06,56.08,0.471,25,Medium Stock,3,4.8
124,2025-10-23,2025-10,Processing,1135,Netherlands,6,Bluetooth Speaker 6,Electronics,TechNova,1,TechNova Supplies,2,84.39,168.78,57.36,84.39,27.03,0.3203,18,Low Stock,3,4.8
124,2025-10-23,2025-10,Processing,1135,Netherlands,7,Smart Plug 7,Electronics,TechNova,1,TechNova Supplies,3,18.02,54.06,12.67,18.97,6.3,0.3321,60,Medium Stock,3,4.8
125,2025-10-25,2025-10,Completed,1129,Germany,42,Jump Rope 14,Fitness,UrbanFit,5,UrbanFit Partners,2,85.21,170.42,69.79,89.69,19.9,0.2219,12,Low Stock,7,3.9
125,2025-10-25,2025-10,Completed,1129,Germany,51,Face Cleanser 9,Beauty,BeautyPro,6,BeautyPro Trade,2,78.65,157.3,61.1,78.65,17.55,0.2231,120,High Stock,2,4.7
125,2025-10-25,2025-10,Completed,1129,Germany,26,Desk Lamp 12,Home,HomeStyle,4,HomeStyle Distribution,2,72.99,145.98,39.03,72.99,33.96,0.4653,40,Medium Stock,4,4.5
125,2025-10-25,2025-10,Completed,1129,Germany,33,Resistance Band 5,Fitness,UrbanFit,5,UrbanFit Partners,3,22.81,68.43,14.63,22.81,8.18,0.3586,150,High Stock,7,3.9
126,2025-10-26,2025-10,Cancelled,1166,France,51,Face Cleanser 9,Beauty,BeautyPro,6,BeautyPro Trade,1,77.08,77.08,61.1,78.65,17.55,0.2231,120,High Stock,2,4.7
126,2025-10-26,2025-10,Cancelled,1166,France,2,Wireless Mouse 2,Electronics,TechNova,1,TechNova Supplies,1,96.92,96.92,55.75,102.02,46.27,0.4535,12,Low Stock,3,4.8
126,2025-10-26,2025-10,Cancelled,1166,France,21,Air Humidifier 7,Home,HomeStyle,4,HomeStyle Distribution,2,15.14,30.28,11.82,15.14,3.32,0.2193,12,Low Stock,4,4.5
126,2025-10-26,2025-10,Cancelled,1166,France,93,Toy Basket 9,Kids,KidsWorld,9,KidsWorld Source,3,110.26,330.78,71.46,116.06,44.6,0.3843,90,High Stock,8,3.8
127,2025-10-27,2025-10,Completed,1034,Italy,41,Yoga Mat 13,Fitness,UrbanFit,5,UrbanFit Partners,2,17.84,35.68,12.27,18.78,6.51,0.3466,90,High Stock,7,3.9
128,2025-10-27,2025-10,Completed,1126,Austria,16,Wall Shelf 2,Home,HomeStyle,4,HomeStyle Distribution,2,119.67,239.34,68.21,119.67,51.46,0.43,25,Medium Stock,4,4.5
128,2025-10-27,2025-10,Completed,1126,Austria,36,Jump Rope 8,Fitness,UrbanFit,5,UrbanFit Partners,1,19.66,19.66,14.08,19.66,5.58,0.2838,60,Medium Stock,7,3.9
128,2025-10-27,2025-10,Completed,1126,Austria,22,Desk Lamp 8,Home,HomeStyle,4,HomeStyle Distribution,3,98.19,294.57,64.41,98.19,33.78,0.344,12,Low Stock,4,4.5
129,2025-10-27,2025-10,Processing,1123,Italy,37,Resistance Band 9,Fitness,UrbanFit,5,UrbanFit Partners,2,60.41,120.82,49.13,61.64,12.51,0.203,8,Low Stock,7,3.9
129,2025-10-27,2025-10,Processing,1123,Italy,8,Smart Plug 8,Electronics,TechNova,1,TechNova Supplies,1,89.23,89.23,50.28,89.23,38.95,0.4365,120,High Stock,3,4.8
130,2025-10-28,2025-10,Completed,1152,Italy,8,Smart Plug 8,Electronics,TechNova,1,TechNova Supplies,2,89.23,178.46,50.28,89.23,38.95,0.4365,120,High Stock,3,4.8
131,2025-10-28,2025-10,Completed,1116,France,9,Wireless Mouse 9,Electronics,TechNova,1,TechNova Supplies,3,116.66,349.98,77.98,116.66,38.68,0.3316,150,High Stock,3,4.8
131,2025-10-28,2025-10,Completed,1116,France,85,Night Light 1,Kids,KidsWorld,9,KidsWorld Source,3,80.44,241.32,55.02,80.44,25.42,0.316,40,Medium Stock,8,3.8
132,2025-10-28,2025-10,Completed,1024,Germany,56,Body Lotion 14,Beauty,BeautyPro,6,BeautyPro Trade,3,58.49,175.47,34.68,58.49,23.81,0.4071,40,Medium Stock,2,4.7
133,2025-10-29,2025-10,Completed,1056,Austria,10,Smart Plug 10,Electronics,TechNova,1,TechNova Supplies,3,78.38,235.14,48.3,82.5,34.2,0.4145,8,Low Stock,3,4.8
133,2025-10-29,2025-10,Completed,1056,Austria,12,Wireless Mouse 12,Electronics,TechNova,1,TechNova Supplies,3,49.17,147.51,33.51,51.76,18.25,0.3526,60,Medium Stock,3,4.8
133,2025-10-29,2025-10,Completed,1056,Austria,56,Body Lotion 14,Beauty,BeautyPro,6,BeautyPro Trade,3,57.32,171.96,34.68,58.49,23.81,0.4071,40,Medium Stock,2,4.7
133,2025-10-29,2025-10,Completed,1056,Austria,10,Smart Plug 10,Electronics,TechNova,1,TechNova Supplies,1,80.85,80.85,48.3,82.5,34.2,0.4145,8,Low Stock,3,4.8
134,2025-10-29,2025-10,Completed,1127,Italy,15,Wall Shelf 1,Home,HomeStyle,4,HomeStyle Distribution,2,131.96,263.92,79.21,131.96,52.75,0.3997,150,High Stock,4,4.5
134,2025-10-29,2025-10,Completed,1127,Italy,90,Drawing Kit 6,Kids,KidsWorld,9,KidsWorld Source,3,74.15,222.45,54.41,78.05,23.64,0.3029,60,Medium Stock,8,3.8
134,2025-10-29,2025-10,Completed,1127,Italy,16,Wall Shelf 2,Home,HomeStyle,4,HomeStyle Distribution,2,117.28,234.56,68.21,119.67,51.46,0.43,25,Medium Stock,4,4.5
134,2025-10-29,2025-10,Completed,1127,Italy,49,Body Lotion 7,Beauty,BeautyPro,6,BeautyPro Trade,2,131.13,262.26,74.49,131.13,56.64,0.4319,40,Medium Stock,2,4.7
135,2025-10-29,2025-10,Processing,1046,France,94,Toy Basket 10,Kids,KidsWorld,9,KidsWorld Source,2,38.28,76.56,23.3,39.06,15.76,0.4035,8,Low Stock,8,3.8
136,2025-10-29,2025-10,Completed,1038,Germany,25,Wall Shelf 11,Home,HomeStyle,4,HomeStyle Distribution,1,92.15,92.15,62.64,92.15,29.51,0.3202,40,Medium Stock,4,4.5
136,2025-10-29,2025-10,Completed,1038,Germany,2,Wireless Mouse 2,Electronics,TechNova,1,TechNova Supplies,2,99.98,199.96,55.75,102.02,46.27,0.4535,12,Low Stock,3,4.8
136,2025-10-29,2025-10,Completed,1038,Germany,16,Wall Shelf 2,Home,HomeStyle,4,HomeStyle Distribution,3,119.67,359.01,68.21,119.67,51.46,0.43,25,Medium Stock,4,4.5
136,2025-10-29,2025-10,Completed,1038,Germany,68,Notebook Set 12,Office,OfficePlus,7,OfficePlus Vendor,3,110.08,330.24,67.59,110.08,42.49,0.386,18,Low Stock,5,4.2
137,2025-10-31,2025-10,Returned,1163,Italy,72,Lunch Box 2,Green Living,EcoTrend,8,EcoTrend Supply,3,132.05,396.15,78.22,139.0,60.78,0.4373,90,High Stock,6,4.3
137,2025-10-31,2025-10,Returned,1163,Italy,60,Desk Organizer 4,Office,OfficePlus,7,OfficePlus Vendor,2,60.69,121.38,37.86,60.69,22.83,0.3762,40,Medium Stock,5,4.2
137,2025-10-31,2025-10,Returned,1163,Italy,7,Smart Plug 7,Electronics,TechNova,1,TechNova Supplies,2,18.97,37.94,12.67,18.97,6.3,0.3321,60,Medium Stock,3,4.8
137,2025-10-31,2025-10,Returned,1163,Italy,63,Monitor Stand 7,Office,OfficePlus,7,OfficePlus Vendor,3,34.43,103.29,26.13,36.24,10.11,0.279,60,Medium Stock,5,4.2
138,2025-10-31,2025-10,Completed,1064,Netherlands,81,Compost Bin 11,Green Living,EcoTrend,8,EcoTrend Supply,2,71.3,142.6,37.73,71.3,33.57,0.4708,12,Low Stock,6,4.3
138,2025-10-31,2025-10,Completed,1064,Netherlands,43,Makeup Mirror 1,Beauty,BeautyPro,6,BeautyPro Trade,2,105.55,211.1,59.62,105.55,45.93,0.4351,12,Low Stock,2,4.7
139,2025-11-01,2025-11,Completed,1007,Italy,85,Night Light 1,Kids,KidsWorld,9,KidsWorld Source,1,80.44,80.44,55.02,80.44,25.42,0.316,40,Medium Stock,8,3.8
140,2025-11-01,2025-11,Processing,1154,Italy,67,Pen Kit 11,Office,OfficePlus,7,OfficePlus Vendor,2,59.15,118.3,47.07,62.26,15.19,0.244,18,Low Stock,5,4.2
140,2025-11-01,2025-11,Processing,1154,Italy,49,Body Lotion 7,Beauty,BeautyPro,6,BeautyPro Trade,2,131.13,262.26,74.49,131.13,56.64,0.4319,40,Medium Stock,2,4.7
141,2025-11-01,2025-11,Completed,1018,Spain,41,Yoga Mat 13,Fitness,UrbanFit,5,UrbanFit Partners,2,18.4,36.8,12.27,18.78,6.51,0.3466,90,High Stock,7,3.9
141,2025-11-01,2025-11,Completed,1018,Spain,23,Air Humidifier 9,Home,HomeStyle,4,HomeStyle Distribution,2,73.37,146.74,49.69,77.23,27.54,0.3566,40,Medium Stock,4,4.5
141,2025-11-01,2025-11,Completed,1018,Spain,10,Smart Plug 10,Electronics,TechNova,1,TechNova Supplies,3,82.5,247.5,48.3,82.5,34.2,0.4145,8,Low Stock,3,4.8
142,2025-11-03,2025-11,Completed,1004,Germany,43,Makeup Mirror 1,Beauty,BeautyPro,6,BeautyPro Trade,2,105.55,211.1,59.62,105.55,45.93,0.4351,12,Low Stock,2,4.7
142,2025-11-03,2025-11,Completed,1004,Germany,21,Air Humidifier 7,Home,HomeStyle,4,HomeStyle Distribution,3,15.14,45.42,11.82,15.14,3.32,0.2193,12,Low Stock,4,4.5
142,2025-11-03,2025-11,Completed,1004,Germany,73,Lunch Box 3,Green Living,EcoTrend,8,EcoTrend Supply,2,83.89,167.78,60.24,88.31,28.07,0.3179,90,High Stock,6,4.3
143,2025-11-04,2025-11,Completed,1125,Netherlands,98,Night Light 14,Kids,KidsWorld,9,KidsWorld Source,2,139.49,278.98,76.25,139.49,63.24,0.4534,150,High Stock,8,3.8
143,2025-11-04,2025-11,Completed,1125,Netherlands,58,Notebook Set 2,Office,OfficePlus,7,OfficePlus Vendor,3,14.57,43.71,10.49,14.57,4.08,0.28,40,Medium Stock,5,4.2
143,2025-11-04,2025-11,Completed,1125,Netherlands,6,Bluetooth Speaker 6,Electronics,TechNova,1,TechNova Supplies,2,84.39,168.78,57.36,84.39,27.03,0.3203,18,Low Stock,3,4.8
144,2025-11-04,2025-11,Completed,1178,Austria,19,Wall Shelf 5,Home,HomeStyle,4,HomeStyle Distribution,1,25.49,25.49,15.47,26.83,11.36,0.4234,150,High Stock,4,4.5
144,2025-11-04,2025-11,Completed,1178,Austria,7,Smart Plug 7,Electronics,TechNova,1,TechNova Supplies,2,18.97,37.94,12.67,18.97,6.3,0.3321,60,Medium Stock,3,4.8
144,2025-11-04,2025-11,Completed,1178,Austria,48,Makeup Mirror 6,Beauty,BeautyPro,6,BeautyPro Trade,3,93.7,281.1,72.68,98.63,25.95,0.2631,8,Low Stock,2,4.7
145,2025-11-04,2025-11,Completed,1162,Spain,60,Desk Organizer 4,Office,OfficePlus,7,OfficePlus Vendor,3,60.69,182.07,37.86,60.69,22.83,0.3762,40,Medium Stock,5,4.2
145,2025-11-04,2025-11,Completed,1162,Spain,82,Lunch Box 12,Green Living,EcoTrend,8,EcoTrend Supply,3,41.23,123.69,24.1,41.23,17.13,0.4155,8,Low Stock,6,4.3
145,2025-11-04,2025-11,Completed,1162,Spain,29,Yoga Mat 1,Fitness,UrbanFit,5,UrbanFit Partners,3,74.34,223.02,49.92,78.25,28.33,0.362,12,Low Stock,7,3.9
146,2025-11-04,2025-11,Processing,1139,Italy,78,Compost Bin 8,Green Living,EcoTrend,8,EcoTrend Supply,2,49.55,99.1,31.34,49.55,18.21,0.3675,150,High Stock,6,4.3
146,2025-11-04,2025-11,Processing,1139,Italy,74,Lunch Box 4,Green Living,EcoTrend,8,EcoTrend Supply,1,43.18,43.18,25.01,44.06,19.05,0.4324,12,Low Stock,6,4.3
146,2025-11-04,2025-11,Processing,1139,Italy,21,Air Humidifier 7,Home,HomeStyle,4,HomeStyle Distribution,2,15.14,30.28,11.82,15.14,3.32,0.2193,12,Low Stock,4,4.5
147,2025-11-05,2025-11,Processing,1070,Austria,73,Lunch Box 3,Green Living,EcoTrend,8,EcoTrend Supply,1,88.31,88.31,60.24,88.31,28.07,0.3179,90,High Stock,6,4.3
147,2025-11-05,2025-11,Processing,1070,Austria,25,Wall Shelf 11,Home,HomeStyle,4,HomeStyle Distribution,1,92.15,92.15,62.64,92.15,29.51,0.3202,40,Medium Stock,4,4.5
147,2025-11-05,2025-11,Processing,1070,Austria,19,Wall Shelf 5,Home,HomeStyle,4,HomeStyle Distribution,2,26.83,53.66,15.47,26.83,11.36,0.4234,150,High Stock,4,4.5
147,2025-11-05,2025-11,Processing,1070,Austria,47,Hair Dryer 5,Beauty,BeautyPro,6,BeautyPro Trade,3,27.35,82.05,17.47,27.35,9.88,0.3612,25,Medium Stock,2,4.7
148,2025-11-06,2025-11,Processing,1082,Italy,21,Air Humidifier 7,Home,HomeStyle,4,HomeStyle Distribution,3,14.84,44.52,11.82,15.14,3.32,0.2193,12,Low Stock,4,4.5
149,2025-11-07,2025-11,Processing,1159,Spain,46,Face Cleanser 4,Beauty,BeautyPro,6,BeautyPro Trade,1,15.86,15.86,8.79,16.7,7.91,0.4737,8,Low Stock,2,4.7
149,2025-11-07,2025-11,Processing,1159,Spain,44,Hair Dryer 2,Beauty,BeautyPro,6,BeautyPro Trade,1,29.71,29.71,19.27,29.71,10.44,0.3514,90,High Stock,2,4.7
150,2025-11-07,2025-11,Processing,1000,Austria,40,Jump Rope 12,Fitness,UrbanFit,5,UrbanFit Partners,1,34.35,34.35,23.22,36.16,12.94,0.3579,90,High Stock,7,3.9
150,2025-11-07,2025-11,Processing,1000,Austria,25,Wall Shelf 11,Home,HomeStyle,4,HomeStyle Distribution,2,87.54,175.08,62.64,92.15,29.51,0.3202,40,Medium Stock,4,4.5
151,2025-11-07,2025-11,Completed,1100,Austria,38,Yoga Mat 10,Fitness,UrbanFit,5,UrbanFit Partners,3,125.29,375.87,72.91,131.88,58.97,0.4471,12,Low Stock,7,3.9
151,2025-11-07,2025-11,Completed,1100,Austria,43,Makeup Mirror 1,Beauty,BeautyPro,6,BeautyPro Trade,3,103.44,310.32,59.62,105.55,45.93,0.4351,12,Low Stock,2,4.7
152,2025-11-07,2025-11,Processing,1084,Germany,38,Yoga Mat 10,Fitness,UrbanFit,5,UrbanFit Partners,3,131.88,395.64,72.91,131.88,58.97,0.4471,12,Low Stock,7,3.9
152,2025-11-07,2025-11,Processing,1084,Germany,30,Foam Roller 2,Fitness,UrbanFit,5,UrbanFit Partners,2,126.95,253.9,70.9,126.95,56.05,0.4415,40,Medium Stock,7,3.9
152,2025-11-07,2025-11,Processing,1084,Germany,1,Wireless Mouse 1,Electronics,TechNova,1,TechNova Supplies,1,9.34,9.34,6.88,9.83,2.95,0.3001,25,Medium Stock,3,4.8
152,2025-11-07,2025-11,Processing,1084,Germany,42,Jump Rope 14,Fitness,UrbanFit,5,UrbanFit Partners,3,87.9,263.7,69.79,89.69,19.9,0.2219,12,Low Stock,7,3.9
153,2025-11-08,2025-11,Returned,1016,France,11,Bluetooth Speaker 11,Electronics,TechNova,1,TechNova Supplies,2,113.11,226.22,62.98,119.06,56.08,0.471,25,Medium Stock,3,4.8
153,2025-11-08,2025-11,Returned,1016,France,47,Hair Dryer 5,Beauty,BeautyPro,6,BeautyPro Trade,3,25.98,77.94,17.47,27.35,9.88,0.3612,25,Medium Stock,2,4.7
153,2025-11-08,2025-11,Returned,1016,France,59,Monitor Stand 3,Office,OfficePlus,7,OfficePlus Vendor,1,122.97,122.97,71.06,129.44,58.38,0.451,60,Medium Stock,5,4.2
153,2025-11-08,2025-11,Returned,1016,France,34,Foam Roller 6,Fitness,UrbanFit,5,UrbanFit Partners,3,73.3,219.9,44.58,73.3,28.72,0.3918,25,Medium Stock,7,3.9
154,2025-11-09,2025-11,Completed,1024,Italy,38,Yoga Mat 10,Fitness,UrbanFit,5,UrbanFit Partners,1,129.24,129.24,72.91,131.88,58.97,0.4471,12,Low Stock,7,3.9
154,2025-11-09,2025-11,Completed,1024,Italy,88,Puzzle Set 4,Kids,KidsWorld,9,KidsWorld Source,2,36.6,73.2,27.79,38.53,10.74,0.2787,60,Medium Stock,8,3.8
155,2025-11-09,2025-11,Cancelled,1099,Italy,70,Monitor Stand 14,Office,OfficePlus,7,OfficePlus Vendor,2,29.32,58.64,20.76,29.32,8.56,0.292,12,Low Stock,5,4.2
156,2025-11-11,2025-11,Processing,1003,Italy,80,Compost Bin 10,Green Living,EcoTrend,8,EcoTrend Supply,2,12.89,25.78,7.87,12.89,5.02,0.3894,60,Medium Stock,6,4.3
157,2025-11-11,2025-11,Completed,1112,Spain,65,Pen Kit 9,Office,OfficePlus,7,OfficePlus Vendor,2,85.93,171.86,67.2,85.93,18.73,0.218,60,Medium Stock,5,4.2
157,2025-11-11,2025-11,Completed,1112,Spain,7,Smart Plug 7,Electronics,TechNova,1,TechNova Supplies,1,18.97,18.97,12.67,18.97,6.3,0.3321,60,Medium Stock,3,4.8
157,2025-11-11,2025-11,Completed,1112,Spain,10,Smart Plug 10,Electronics,TechNova,1,TechNova Supplies,2,78.38,156.76,48.3,82.5,34.2,0.4145,8,Low Stock,3,4.8
157,2025-11-11,2025-11,Completed,1112,Spain,37,Resistance Band 9,Fitness,UrbanFit,5,UrbanFit Partners,2,61.64,123.28,49.13,61.64,12.51,0.203,8,Low Stock,7,3.9
158,2025-11-11,2025-11,Returned,1108,Austria,16,Wall Shelf 2,Home,HomeStyle,4,HomeStyle Distribution,3,113.69,341.07,68.21,119.67,51.46,0.43,25,Medium Stock,4,4.5
159,2025-11-11,2025-11,Cancelled,1027,Austria,32,Jump Rope 4,Fitness,UrbanFit,5,UrbanFit Partners,2,124.83,249.66,66.2,124.83,58.63,0.4697,150,High Stock,7,3.9
159,2025-11-11,2025-11,Cancelled,1027,Austria,26,Desk Lamp 12,Home,HomeStyle,4,HomeStyle Distribution,2,72.99,145.98,39.03,72.99,33.96,0.4653,40,Medium Stock,4,4.5
159,2025-11-11,2025-11,Cancelled,1027,Austria,38,Yoga Mat 10,Fitness,UrbanFit,5,UrbanFit Partners,1,131.88,131.88,72.91,131.88,58.97,0.4471,12,Low Stock,7,3.9
160,2025-11-12,2025-11,Completed,1091,Germany,58,Notebook Set 2,Office,OfficePlus,7,OfficePlus Vendor,3,14.57,43.71,10.49,14.57,4.08,0.28,40,Medium Stock,5,4.2
160,2025-11-12,2025-11,Completed,1091,Germany,54,Hair Dryer 12,Beauty,BeautyPro,6,BeautyPro Trade,1,60.54,60.54,48.42,61.78,13.36,0.2163,12,Low Stock,2,4.7
160,2025-11-12,2025-11,Completed,1091,Germany,36,Jump Rope 8,Fitness,UrbanFit,5,UrbanFit Partners,1,19.66,19.66,14.08,19.66,5.58,0.2838,60,Medium Stock,7,3.9
161,2025-11-12,2025-11,Completed,1099,Spain,67,Pen Kit 11,Office,OfficePlus,7,OfficePlus Vendor,3,59.15,177.45,47.07,62.26,15.19,0.244,18,Low Stock,5,4.2
161,2025-11-12,2025-11,Completed,1099,Spain,29,Yoga Mat 1,Fitness,UrbanFit,5,UrbanFit Partners,3,78.25,234.75,49.92,78.25,28.33,0.362,12,Low Stock,7,3.9
161,2025-11-12,2025-11,Completed,1099,Spain,77,Lunch Box 7,Green Living,EcoTrend,8,EcoTrend Supply,2,47.42,94.84,34.88,49.92,15.04,0.3013,12,Low Stock,6,4.3
162,2025-11-12,2025-11,Completed,1152,Germany,5,Bluetooth Speaker 5,Electronics,TechNova,1,TechNova Supplies,1,55.36,55.36,38.69,55.36,16.67,0.3011,8,Low Stock,3,4.8
163,2025-11-12,2025-11,Completed,1171,Austria,88,Puzzle Set 4,Kids,KidsWorld,9,KidsWorld Source,1,38.53,38.53,27.79,38.53,10.74,0.2787,60,Medium Stock,8,3.8
163,2025-11-12,2025-11,Completed,1171,Austria,48,Makeup Mirror 6,Beauty,BeautyPro,6,BeautyPro Trade,1,93.7,93.7,72.68,98.63,25.95,0.2631,8,Low Stock,2,4.7
163,2025-11-12,2025-11,Completed,1171,Austria,25,Wall Shelf 11,Home,HomeStyle,4,HomeStyle Distribution,1,90.31,90.31,62.64,92.15,29.51,0.3202,40,Medium Stock,4,4.5
164,2025-11-12,2025-11,Processing,1089,Austria,13,Smart Plug 13,Electronics,TechNova,1,TechNova Supplies,1,53.35,53.35,31.65,53.35,21.7,0.4067,12,Low Stock,3,4.8
164,2025-11-12,2025-11,Processing,1089,Austria,33,Resistance Band 5,Fitness,UrbanFit,5,UrbanFit Partners,2,22.81,45.62,14.63,22.81,8.18,0.3586,150,High Stock,7,3.9
164,2025-11-12,2025-11,Processing,1089,Austria,12,Wireless Mouse 12,Electronics,TechNova,1,TechNova Supplies,1,49.17,49.17,33.51,51.76,18.25,0.3526,60,Medium Stock,3,4.8
165,2025-11-14,2025-11,Returned,1057,Germany,11,Bluetooth Speaker 11,Electronics,TechNova,1,TechNova Supplies,3,113.11,339.33,62.98,119.06,56.08,0.471,25,Medium Stock,3,4.8
166,2025-11-15,2025-11,Cancelled,1026,France,44,Hair Dryer 2,Beauty,BeautyPro,6,BeautyPro Trade,3,29.71,89.13,19.27,29.71,10.44,0.3514,90,High Stock,2,4.7
167,2025-11-16,2025-11,Returned,1104,Germany,36,Jump Rope 8,Fitness,UrbanFit,5,UrbanFit Partners,2,19.27,38.54,14.08,19.66,5.58,0.2838,60,Medium Stock,7,3.9
167,2025-11-16,2025-11,Returned,1104,Germany,50,Makeup Mirror 8,Beauty,BeautyPro,6,BeautyPro Trade,3,23.97,71.91,16.61,23.97,7.36,0.3071,8,Low Stock,2,4.7
168,2025-11-16,2025-11,Completed,1129,Italy,83,Lunch Box 13,Green Living,EcoTrend,8,EcoTrend Supply,3,41.87,125.61,32.32,41.87,9.55,0.2281,60,Medium Stock,6,4.3
168,2025-11-16,2025-11,Completed,1129,Italy,37,Resistance Band 9,Fitness,UrbanFit,5,UrbanFit Partners,1,58.56,58.56,49.13,61.64,12.51,0.203,8,Low Stock,7,3.9
168,2025-11-16,2025-11,Completed,1129,Italy,41,Yoga Mat 13,Fitness,UrbanFit,5,UrbanFit Partners,3,18.78,56.34,12.27,18.78,6.51,0.3466,90,High Stock,7,3.9
169,2025-11-18,2025-11,Completed,1156,Germany,6,Bluetooth Speaker 6,Electronics,TechNova,1,TechNova Supplies,3,84.39,253.17,57.36,84.39,27.03,0.3203,18,Low Stock,3,4.8
169,2025-11-18,2025-11,Completed,1156,Germany,54,Hair Dryer 12,Beauty,BeautyPro,6,BeautyPro Trade,2,61.78,123.56,48.42,61.78,13.36,0.2163,12,Low Stock,2,4.7
169,2025-11-18,2025-11,Completed,1156,Germany,27,Desk Lamp 13,Home,HomeStyle,4,HomeStyle Distribution,1,53.99,53.99,43.08,56.83,13.75,0.2419,40,Medium Stock,4,4.5
170,2025-11-19,2025-11,Cancelled,1012,France,93,Toy Basket 9,Kids,KidsWorld,9,KidsWorld Source,2,113.74,227.48,71.46,116.06,44.6,0.3843,90,High Stock,8,3.8
170,2025-11-19,2025-11,Cancelled,1012,France,67,Pen Kit 11,Office,OfficePlus,7,OfficePlus Vendor,2,62.26,124.52,47.07,62.26,15.19,0.244,18,Low Stock,5,4.2
170,2025-11-19,2025-11,Cancelled,1012,France,36,Jump Rope 8,Fitness,UrbanFit,5,UrbanFit Partners,2,19.66,39.32,14.08,19.66,5.58,0.2838,60,Medium Stock,7,3.9
170,2025-11-19,2025-11,Cancelled,1012,France,8,Smart Plug 8,Electronics,TechNova,1,TechNova Supplies,3,89.23,267.69,50.28,89.23,38.95,0.4365,120,High Stock,3,4.8
171,2025-11-19,2025-11,Completed,1007,France,72,Lunch Box 2,Green Living,EcoTrend,8,EcoTrend Supply,1,136.22,136.22,78.22,139.0,60.78,0.4373,90,High Stock,6,4.3
172,2025-11-20,2025-11,Completed,1177,Austria,64,Monitor Stand 8,Office,OfficePlus,7,OfficePlus Vendor,3,59.43,178.29,42.91,60.64,17.73,0.2924,8,Low Stock,5,4.2
173,2025-11-20,2025-11,Returned,1148,Austria,12,Wireless Mouse 12,Electronics,TechNova,1,TechNova Supplies,3,51.76,155.28,33.51,51.76,18.25,0.3526,60,Medium Stock,3,4.8
173,2025-11-20,2025-11,Returned,1148,Austria,19,Wall Shelf 5,Home,HomeStyle,4,HomeStyle Distribution,3,25.49,76.47,15.47,26.83,11.36,0.4234,150,High Stock,4,4.5
173,2025-11-20,2025-11,Returned,1148,Austria,63,Monitor Stand 7,Office,OfficePlus,7,OfficePlus Vendor,3,34.43,103.29,26.13,36.24,10.11,0.279,60,Medium Stock,5,4.2
174,2025-11-21,2025-11,Processing,1117,Germany,12,Wireless Mouse 12,Electronics,TechNova,1,TechNova Supplies,1,51.76,51.76,33.51,51.76,18.25,0.3526,60,Medium Stock,3,4.8
174,2025-11-21,2025-11,Processing,1117,Germany,81,Compost Bin 11,Green Living,EcoTrend,8,EcoTrend Supply,1,67.74,67.74,37.73,71.3,33.57,0.4708,12,Low Stock,6,4.3
175,2025-11-21,2025-11,Completed,1143,Italy,28,Desk Lamp 14,Home,HomeStyle,4,HomeStyle Distribution,1,28.73,28.73,16.46,28.73,12.27,0.4271,150,High Stock,4,4.5
175,2025-11-21,2025-11,Completed,1143,Italy,6,Bluetooth Speaker 6,Electronics,TechNova,1,TechNova Supplies,1,84.39,84.39,57.36,84.39,27.03,0.3203,18,Low Stock,3,4.8
175,2025-11-21,2025-11,Completed,1143,Italy,66,Desk Organizer 10,Office,OfficePlus,7,OfficePlus Vendor,2,73.46,146.92,52.78,74.96,22.18,0.2959,120,High Stock,5,4.2
176,2025-11-21,2025-11,Completed,1179,Germany,25,Wall Shelf 11,Home,HomeStyle,4,HomeStyle Distribution,2,87.54,175.08,62.64,92.15,29.51,0.3202,40,Medium Stock,4,4.5
176,2025-11-21,2025-11,Completed,1179,Germany,37,Resistance Band 9,Fitness,UrbanFit,5,UrbanFit Partners,3,61.64,184.92,49.13,61.64,12.51,0.203,8,Low Stock,7,3.9
176,2025-11-21,2025-11,Completed,1179,Germany,7,Smart Plug 7,Electronics,TechNova,1,TechNova Supplies,2,18.97,37.94,12.67,18.97,6.3,0.3321,60,Medium Stock,3,4.8
176,2025-11-21,2025-11,Completed,1179,Germany,1,Wireless Mouse 1,Electronics,TechNova,1,TechNova Supplies,1,9.63,9.63,6.88,9.83,2.95,0.3001,25,Medium Stock,3,4.8
177,2025-11-21,2025-11,Processing,1007,France,46,Face Cleanser 4,Beauty,BeautyPro,6,BeautyPro Trade,1,16.37,16.37,8.79,16.7,7.91,0.4737,8,Low Stock,2,4.7
177,2025-11-21,2025-11,Processing,1007,France,36,Jump Rope 8,Fitness,UrbanFit,5,UrbanFit Partners,2,19.27,38.54,14.08,19.66,5.58,0.2838,60,Medium Stock,7,3.9
177,2025-11-21,2025-11,Processing,1007,France,42,Jump Rope 14,Fitness,UrbanFit,5,UrbanFit Partners,3,85.21,255.63,69.79,89.69,19.9,0.2219,12,Low Stock,7,3.9
178,2025-11-21,2025-11,Returned,1139,Germany,63,Monitor Stand 7,Office,OfficePlus,7,OfficePlus Vendor,2,34.43,68.86,26.13,36.24,10.11,0.279,60,Medium Stock,5,4.2
178,2025-11-21,2025-11,Returned,1139,Germany,47,Hair Dryer 5,Beauty,BeautyPro,6,BeautyPro Trade,2,27.35,54.7,17.47,27.35,9.88,0.3612,25,Medium Stock,2,4.7
178,2025-11-21,2025-11,Returned,1139,Germany,11,Bluetooth Speaker 11,Electronics,TechNova,1,TechNova Supplies,2,113.11,226.22,62.98,119.06,56.08,0.471,25,Medium Stock,3,4.8
178,2025-11-21,2025-11,Returned,1139,Germany,24,Storage Box 10,Home,HomeStyle,4,HomeStyle Distribution,1,72.72,72.72,56.02,74.2,18.18,0.245,150,High Stock,4,4.5
179,2025-11-21,2025-11,Returned,1027,France,79,Reusable Bottle 9,Green Living,EcoTrend,8,EcoTrend Supply,2,25.67,51.34,13.65,25.67,12.02,0.4683,18,Low Stock,6,4.3
179,2025-11-21,2025-11,Returned,1027,France,60,Desk Organizer 4,Office,OfficePlus,7,OfficePlus Vendor,3,60.69,182.07,37.86,60.69,22.83,0.3762,40,Medium Stock,5,4.2
179,2025-11-21,2025-11,Returned,1027,France,39,Resistance Band 11,Fitness,UrbanFit,5,UrbanFit Partners,2,39.72,79.44,25.89,40.53,14.64,0.3612,150,High Stock,7,3.9
179,2025-11-21,2025-11,Returned,1027,France,16,Wall Shelf 2,Home,HomeStyle,4,HomeStyle Distribution,1,119.67,119.67,68.21,119.67,51.46,0.43,25,Medium Stock,4,4.5
180,2025-11-23,2025-11,Cancelled,1026,France,20,Air Humidifier 6,Home,HomeStyle,4,HomeStyle Distribution,2,107.03,214.06,72.34,109.21,36.87,0.3376,25,Medium Stock,4,4.5
180,2025-11-23,2025-11,Cancelled,1026,France,56,Body Lotion 14,Beauty,BeautyPro,6,BeautyPro Trade,3,55.57,166.71,34.68,58.49,23.81,0.4071,40,Medium Stock,2,4.7
180,2025-11-23,2025-11,Cancelled,1026,France,70,Monitor Stand 14,Office,OfficePlus,7,OfficePlus Vendor,1,27.85,27.85,20.76,29.32,8.56,0.292,12,Low Stock,5,4.2
181,2025-11-24,2025-11,Processing,1155,Austria,50,Makeup Mirror 8,Beauty,BeautyPro,6,BeautyPro Trade,2,23.49,46.98,16.61,23.97,7.36,0.3071,8,Low Stock,2,4.7
181,2025-11-24,2025-11,Processing,1155,Austria,65,Pen Kit 9,Office,OfficePlus,7,OfficePlus Vendor,3,85.93,257.79,67.2,85.93,18.73,0.218,60,Medium Stock,5,4.2
181,2025-11-24,2025-11,Processing,1155,Austria,60,Desk Organizer 4,Office,OfficePlus,7,OfficePlus Vendor,3,59.48,178.44,37.86,60.69,22.83,0.3762,40,Medium Stock,5,4.2
181,2025-11-24,2025-11,Processing,1155,Austria,10,Smart Plug 10,Electronics,TechNova,1,TechNova Supplies,2,78.38,156.76,48.3,82.5,34.2,0.4145,8,Low Stock,3,4.8
182,2025-11-24,2025-11,Returned,1165,Italy,28,Desk Lamp 14,Home,HomeStyle,4,HomeStyle Distribution,3,28.73,86.19,16.46,28.73,12.27,0.4271,150,High Stock,4,4.5
183,2025-11-24,2025-11,Returned,1151,France,10,Smart Plug 10,Electronics,TechNova,1,TechNova Supplies,3,80.85,242.55,48.3,82.5,34.2,0.4145,8,Low Stock,3,4.8
183,2025-11-24,2025-11,Returned,1151,France,15,Wall Shelf 1,Home,HomeStyle,4,HomeStyle Distribution,1,131.96,131.96,79.21,131.96,52.75,0.3997,150,High Stock,4,4.5
183,2025-11-24,2025-11,Returned,1151,France,73,Lunch Box 3,Green Living,EcoTrend,8,EcoTrend Supply,3,88.31,264.93,60.24,88.31,28.07,0.3179,90,High Stock,6,4.3
183,2025-11-24,2025-11,Returned,1151,France,32,Jump Rope 4,Fitness,UrbanFit,5,UrbanFit Partners,1,118.59,118.59,66.2,124.83,58.63,0.4697,150,High Stock,7,3.9
184,2025-11-25,2025-11,Cancelled,1048,Netherlands,37,Resistance Band 9,Fitness,UrbanFit,5,UrbanFit Partners,1,61.64,61.64,49.13,61.64,12.51,0.203,8,Low Stock,7,3.9
184,2025-11-25,2025-11,Cancelled,1048,Netherlands,11,Bluetooth Speaker 11,Electronics,TechNova,1,TechNova Supplies,2,116.68,233.36,62.98,119.06,56.08,0.471,25,Medium Stock,3,4.8
185,2025-11-26,2025-11,Processing,1176,Netherlands,20,Air Humidifier 6,Home,HomeStyle,4,HomeStyle Distribution,3,109.21,327.63,72.34,109.21,36.87,0.3376,25,Medium Stock,4,4.5
185,2025-11-26,2025-11,Processing,1176,Netherlands,15,Wall Shelf 1,Home,HomeStyle,4,HomeStyle Distribution,3,131.96,395.88,79.21,131.96,52.75,0.3997,150,High Stock,4,4.5
185,2025-11-26,2025-11,Processing,1176,Netherlands,13,Smart Plug 13,Electronics,TechNova,1,TechNova Supplies,2,50.68,101.36,31.65,53.35,21.7,0.4067,12,Low Stock,3,4.8
185,2025-11-26,2025-11,Processing,1176,Netherlands,46,Face Cleanser 4,Beauty,BeautyPro,6,BeautyPro Trade,2,16.37,32.74,8.79,16.7,7.91,0.4737,8,Low Stock,2,4.7
186,2025-11-27,2025-11,Completed,1160,Austria,17,Storage Box 3,Home,HomeStyle,4,HomeStyle Distribution,3,98.77,296.31,65.38,98.77,33.39,0.3381,12,Low Stock,4,4.5
187,2025-11-28,2025-11,Returned,1015,Netherlands,46,Face Cleanser 4,Beauty,BeautyPro,6,BeautyPro Trade,2,15.86,31.72,8.79,16.7,7.91,0.4737,8,Low Stock,2,4.7
187,2025-11-28,2025-11,Returned,1015,Netherlands,4,Wireless Mouse 4,Electronics,TechNova,1,TechNova Supplies,1,79.16,79.16,47.09,80.78,33.69,0.4171,150,High Stock,3,4.8
187,2025-11-28,2025-11,Returned,1015,Netherlands,9,Wireless Mouse 9,Electronics,TechNova,1,TechNova Supplies,1,116.66,116.66,77.98,116.66,38.68,0.3316,150,High Stock,3,4.8
188,2025-11-29,2025-11,Returned,1095,Netherlands,18,Wall Shelf 4,Home,HomeStyle,4,HomeStyle Distribution,3,31.34,94.02,20.95,32.99,12.04,0.365,120,High Stock,4,4.5
188,2025-11-29,2025-11,Returned,1095,Netherlands,43,Makeup Mirror 1,Beauty,BeautyPro,6,BeautyPro Trade,3,100.27,300.81,59.62,105.55,45.93,0.4351,12,Low Stock,2,4.7
189,2025-11-29,2025-11,Returned,1176,Netherlands,50,Makeup Mirror 8,Beauty,BeautyPro,6,BeautyPro Trade,2,23.49,46.98,16.61,23.97,7.36,0.3071,8,Low Stock,2,4.7
190,2025-11-30,2025-11,Cancelled,1110,Germany,30,Foam Roller 2,Fitness,UrbanFit,5,UrbanFit Partners,3,126.95,380.85,70.9,126.95,56.05,0.4415,40,Medium Stock,7,3.9
190,2025-11-30,2025-11,Cancelled,1110,Germany,30,Foam Roller 2,Fitness,UrbanFit,5,UrbanFit Partners,3,124.41,373.23,70.9,126.95,56.05,0.4415,40,Medium Stock,7,3.9
190,2025-11-30,2025-11,Cancelled,1110,Germany,55,Body Lotion 13,Beauty,BeautyPro,6,BeautyPro Trade,1,98.66,98.66,75.1,103.85,28.75,0.2768,60,Medium Stock,2,4.7
190,2025-11-30,2025-11,Cancelled,1110,Germany,1,Wireless Mouse 1,Electronics,TechNova,1,TechNova Supplies,1,9.83,9.83,6.88,9.83,2.95,0.3001,25,Medium Stock,3,4.8
191,2025-12-01,2025-12,Completed,1026,France,22,Desk Lamp 8,Home,HomeStyle,4,HomeStyle Distribution,1,93.28,93.28,64.41,98.19,33.78,0.344,12,Low Stock,4,4.5
192,2025-12-01,2025-12,Completed,1116,Spain,66,Desk Organizer 10,Office,OfficePlus,7,OfficePlus Vendor,3,74.96,224.88,52.78,74.96,22.18,0.2959,120,High Stock,5,4.2
192,2025-12-01,2025-12,Completed,1116,Spain,43,Makeup Mirror 1,Beauty,BeautyPro,6,BeautyPro Trade,3,103.44,310.32,59.62,105.55,45.93,0.4351,12,Low Stock,2,4.7
192,2025-12-01,2025-12,Completed,1116,Spain,22,Desk Lamp 8,Home,HomeStyle,4,HomeStyle Distribution,3,96.23,288.69,64.41,98.19,33.78,0.344,12,Low Stock,4,4.5
192,2025-12-01,2025-12,Completed,1116,Spain,79,Reusable Bottle 9,Green Living,EcoTrend,8,EcoTrend Supply,3,25.67,77.01,13.65,25.67,12.02,0.4683,18,Low Stock,6,4.3
193,2025-12-02,2025-12,Completed,1144,France,60,Desk Organizer 4,Office,OfficePlus,7,OfficePlus Vendor,1,59.48,59.48,37.86,60.69,22.83,0.3762,40,Medium Stock,5,4.2
193,2025-12-02,2025-12,Completed,1144,France,17,Storage Box 3,Home,HomeStyle,4,HomeStyle Distribution,2,98.77,197.54,65.38,98.77,33.39,0.3381,12,Low Stock,4,4.5
193,2025-12-02,2025-12,Completed,1144,France,47,Hair Dryer 5,Beauty,BeautyPro,6,BeautyPro Trade,1,27.35,27.35,17.47,27.35,9.88,0.3612,25,Medium Stock,2,4.7
194,2025-12-02,2025-12,Completed,1131,Netherlands,43,Makeup Mirror 1,Beauty,BeautyPro,6,BeautyPro Trade,1,105.55,105.55,59.62,105.55,45.93,0.4351,12,Low Stock,2,4.7
194,2025-12-02,2025-12,Completed,1131,Netherlands,27,Desk Lamp 13,Home,HomeStyle,4,HomeStyle Distribution,1,53.99,53.99,43.08,56.83,13.75,0.2419,40,Medium Stock,4,4.5
195,2025-12-02,2025-12,Completed,1083,Netherlands,24,Storage Box 10,Home,HomeStyle,4,HomeStyle Distribution,2,72.72,145.44,56.02,74.2,18.18,0.245,150,High Stock,4,4.5
195,2025-12-02,2025-12,Completed,1083,Netherlands,22,Desk Lamp 8,Home,HomeStyle,4,HomeStyle Distribution,3,98.19,294.57,64.41,98.19,33.78,0.344,12,Low Stock,4,4.5
195,2025-12-02,2025-12,Completed,1083,Netherlands,44,Hair Dryer 2,Beauty,BeautyPro,6,BeautyPro Trade,1,29.71,29.71,19.27,29.71,10.44,0.3514,90,High Stock,2,4.7
196,2025-12-04,2025-12,Completed,1145,Austria,30,Foam Roller 2,Fitness,UrbanFit,5,UrbanFit Partners,3,120.6,361.8,70.9,126.95,56.05,0.4415,40,Medium Stock,7,3.9
196,2025-12-04,2025-12,Completed,1145,Austria,68,Notebook Set 12,Office,OfficePlus,7,OfficePlus Vendor,3,104.58,313.74,67.59,110.08,42.49,0.386,18,Low Stock,5,4.2
196,2025-12-04,2025-12,Completed,1145,Austria,49,Body Lotion 7,Beauty,BeautyPro,6,BeautyPro Trade,2,124.57,249.14,74.49,131.13,56.64,0.4319,40,Medium Stock,2,4.7
197,2025-12-06,2025-12,Completed,1160,Italy,5,Bluetooth Speaker 5,Electronics,TechNova,1,TechNova Supplies,2,55.36,110.72,38.69,55.36,16.67,0.3011,8,Low Stock,3,4.8
198,2025-12-06,2025-12,Processing,1084,Italy,47,Hair Dryer 5,Beauty,BeautyPro,6,BeautyPro Trade,2,25.98,51.96,17.47,27.35,9.88,0.3612,25,Medium Stock,2,4.7
199,2025-12-06,2025-12,Completed,1117,Austria,17,Storage Box 3,Home,HomeStyle,4,HomeStyle Distribution,3,98.77,296.31,65.38,98.77,33.39,0.3381,12,Low Stock,4,4.5
199,2025-12-06,2025-12,Completed,1117,Austria,42,Jump Rope 14,Fitness,UrbanFit,5,UrbanFit Partners,1,89.69,89.69,69.79,89.69,19.9,0.2219,12,Low Stock,7,3.9
199,2025-12-06,2025-12,Completed,1117,Austria,51,Face Cleanser 9,Beauty,BeautyPro,6,BeautyPro Trade,3,74.72,224.16,61.1,78.65,17.55,0.2231,120,High Stock,2,4.7
200,2025-12-06,2025-12,Completed,1166,Germany,15,Wall Shelf 1,Home,HomeStyle,4,HomeStyle Distribution,3,131.96,395.88,79.21,131.96,52.75,0.3997,150,High Stock,4,4.5
201,2025-12-06,2025-12,Processing,1119,Austria,31,Yoga Mat 3,Fitness,UrbanFit,5,UrbanFit Partners,1,36.6,36.6,23.07,37.35,14.28,0.3823,12,Low Stock,7,3.9
201,2025-12-06,2025-12,Processing,1119,Austria,12,Wireless Mouse 12,Electronics,TechNova,1,TechNova Supplies,2,51.76,103.52,33.51,51.76,18.25,0.3526,60,Medium Stock,3,4.8
202,2025-12-07,2025-12,Processing,1151,Germany,4,Wireless Mouse 4,Electronics,TechNova,1,TechNova Supplies,3,79.16,237.48,47.09,80.78,33.69,0.4171,150,High Stock,3,4.8
202,2025-12-07,2025-12,Processing,1151,Germany,25,Wall Shelf 11,Home,HomeStyle,4,HomeStyle Distribution,1,90.31,90.31,62.64,92.15,29.51,0.3202,40,Medium Stock,4,4.5
203,2025-12-07,2025-12,Returned,1146,Italy,24,Storage Box 10,Home,HomeStyle,4,HomeStyle Distribution,3,74.2,222.6,56.02,74.2,18.18,0.245,150,High Stock,4,4.5
203,2025-12-07,2025-12,Returned,1146,Italy,99,Dog Leash 1,Pet Care,PetCare,10,PetCare Central,1,122.8,122.8,72.29,125.31,53.02,0.4231,120,High Stock,4,4.6
203,2025-12-07,2025-12,Returned,1146,Italy,30,Foam Roller 2,Fitness,UrbanFit,5,UrbanFit Partners,3,124.41,373.23,70.9,126.95,56.05,0.4415,40,Medium Stock,7,3.9
204,2025-12-07,2025-12,Completed,1162,France,22,Desk Lamp 8,Home,HomeStyle,4,HomeStyle Distribution,3,98.19,294.57,64.41,98.19,33.78,0.344,12,Low Stock,4,4.5
205,2025-12-07,2025-12,Completed,1136,Netherlands,41,Yoga Mat 13,Fitness,UrbanFit,5,UrbanFit Partners,3,18.78,56.34,12.27,18.78,6.51,0.3466,90,High Stock,7,3.9
205,2025-12-07,2025-12,Completed,1136,Netherlands,6,Bluetooth Speaker 6,Electronics,TechNova,1,TechNova Supplies,3,82.7,248.1,57.36,84.39,27.03,0.3203,18,Low Stock,3,4.8
206,2025-12-07,2025-12,Completed,1112,Netherlands,90,Drawing Kit 6,Kids,KidsWorld,9,KidsWorld Source,1,78.05,78.05,54.41,78.05,23.64,0.3029,60,Medium Stock,8,3.8
207,2025-12-08,2025-12,Completed,1045,France,46,Face Cleanser 4,Beauty,BeautyPro,6,BeautyPro Trade,3,16.37,49.11,8.79,16.7,7.91,0.4737,8,Low Stock,2,4.7
208,2025-12-08,2025-12,Returned,1075,Spain,58,Notebook Set 2,Office,OfficePlus,7,OfficePlus Vendor,3,13.84,41.52,10.49,14.57,4.08,0.28,40,Medium Stock,5,4.2
208,2025-12-08,2025-12,Returned,1075,Spain,11,Bluetooth Speaker 11,Electronics,TechNova,1,TechNova Supplies,2,119.06,238.12,62.98,119.06,56.08,0.471,25,Medium Stock,3,4.8
209,2025-12-08,2025-12,Returned,1172,Italy,27,Desk Lamp 13,Home,HomeStyle,4,HomeStyle Distribution,2,55.69,111.38,43.08,56.83,13.75,0.2419,40,Medium Stock,4,4.5
209,2025-12-08,2025-12,Returned,1172,Italy,28,Desk Lamp 14,Home,HomeStyle,4,HomeStyle Distribution,3,28.73,86.19,16.46,28.73,12.27,0.4271,150,High Stock,4,4.5
209,2025-12-08,2025-12,Returned,1172,Italy,67,Pen Kit 11,Office,OfficePlus,7,OfficePlus Vendor,2,59.15,118.3,47.07,62.26,15.19,0.244,18,Low Stock,5,4.2
210,2025-12-08,2025-12,Completed,1038,Italy,1,Wireless Mouse 1,Electronics,TechNova,1,TechNova Supplies,3,9.83,29.49,6.88,9.83,2.95,0.3001,25,Medium Stock,3,4.8
210,2025-12-08,2025-12,Completed,1038,Italy,20,Air Humidifier 6,Home,HomeStyle,4,HomeStyle Distribution,1,109.21,109.21,72.34,109.21,36.87,0.3376,25,Medium Stock,4,4.5
210,2025-12-08,2025-12,Completed,1038,Italy,95,Puzzle Set 11,Kids,KidsWorld,9,KidsWorld Source,2,83.83,167.66,63.38,88.24,24.86,0.2817,150,High Stock,8,3.8
210,2025-12-08,2025-12,Completed,1038,Italy,32,Jump Rope 4,Fitness,UrbanFit,5,UrbanFit Partners,2,118.59,237.18,66.2,124.83,58.63,0.4697,150,High Stock,7,3.9
211,2025-12-08,2025-12,Completed,1068,Austria,25,Wall Shelf 11,Home,HomeStyle,4,HomeStyle Distribution,3,90.31,270.93,62.64,92.15,29.51,0.3202,40,Medium Stock,4,4.5
211,2025-12-08,2025-12,Completed,1068,Austria,8,Smart Plug 8,Electronics,TechNova,1,TechNova Supplies,2,89.23,178.46,50.28,89.23,38.95,0.4365,120,High Stock,3,4.8
212,2025-12-09,2025-12,Completed,1098,France,93,Toy Basket 9,Kids,KidsWorld,9,KidsWorld Source,2,113.74,227.48,71.46,116.06,44.6,0.3843,90,High Stock,8,3.8
212,2025-12-09,2025-12,Completed,1098,France,2,Wireless Mouse 2,Electronics,TechNova,1,TechNova Supplies,2,102.02,204.04,55.75,102.02,46.27,0.4535,12,Low Stock,3,4.8
212,2025-12-09,2025-12,Completed,1098,France,56,Body Lotion 14,Beauty,BeautyPro,6,BeautyPro Trade,2,58.49,116.98,34.68,58.49,23.81,0.4071,40,Medium Stock,2,4.7
213,2025-12-09,2025-12,Completed,1137,France,60,Desk Organizer 4,Office,OfficePlus,7,OfficePlus Vendor,1,57.66,57.66,37.86,60.69,22.83,0.3762,40,Medium Stock,5,4.2
213,2025-12-09,2025-12,Completed,1137,France,16,Wall Shelf 2,Home,HomeStyle,4,HomeStyle Distribution,2,117.28,234.56,68.21,119.67,51.46,0.43,25,Medium Stock,4,4.5
214,2025-12-09,2025-12,Cancelled,1002,Germany,50,Makeup Mirror 8,Beauty,BeautyPro,6,BeautyPro Trade,1,23.97,23.97,16.61,23.97,7.36,0.3071,8,Low Stock,2,4.7
214,2025-12-09,2025-12,Cancelled,1002,Germany,6,Bluetooth Speaker 6,Electronics,TechNova,1,TechNova Supplies,2,84.39,168.78,57.36,84.39,27.03,0.3203,18,Low Stock,3,4.8
215,2025-12-09,2025-12,Returned,1160,Netherlands,17,Storage Box 3,Home,HomeStyle,4,HomeStyle Distribution,1,93.83,93.83,65.38,98.77,33.39,0.3381,12,Low Stock,4,4.5
215,2025-12-09,2025-12,Returned,1160,Netherlands,62,Desk Organizer 6,Office,OfficePlus,7,OfficePlus Vendor,2,45.4,90.8,24.83,45.4,20.57,0.4531,150,High Stock,5,4.2
215,2025-12-09,2025-12,Returned,1160,Netherlands,72,Lunch Box 2,Green Living,EcoTrend,8,EcoTrend Supply,1,136.22,136.22,78.22,139.0,60.78,0.4373,90,High Stock,6,4.3
215,2025-12-09,2025-12,Returned,1160,Netherlands,44,Hair Dryer 2,Beauty,BeautyPro,6,BeautyPro Trade,2,29.71,59.42,19.27,29.71,10.44,0.3514,90,High Stock,2,4.7
216,2025-12-09,2025-12,Completed,1045,Austria,35,Resistance Band 7,Fitness,UrbanFit,5,UrbanFit Partners,2,83.84,167.68,58.47,88.25,29.78,0.3375,60,Medium Stock,7,3.9
216,2025-12-09,2025-12,Completed,1045,Austria,10,Smart Plug 10,Electronics,TechNova,1,TechNova Supplies,1,78.38,78.38,48.3,82.5,34.2,0.4145,8,Low Stock,3,4.8
216,2025-12-09,2025-12,Completed,1045,Austria,4,Wireless Mouse 4,Electronics,TechNova,1,TechNova Supplies,2,80.78,161.56,47.09,80.78,33.69,0.4171,150,High Stock,3,4.8
216,2025-12-09,2025-12,Completed,1045,Austria,8,Smart Plug 8,Electronics,TechNova,1,TechNova Supplies,1,84.77,84.77,50.28,89.23,38.95,0.4365,120,High Stock,3,4.8
217,2025-12-10,2025-12,Completed,1049,Italy,15,Wall Shelf 1,Home,HomeStyle,4,HomeStyle Distribution,1,129.32,129.32,79.21,131.96,52.75,0.3997,150,High Stock,4,4.5
217,2025-12-10,2025-12,Completed,1049,Italy,22,Desk Lamp 8,Home,HomeStyle,4,HomeStyle Distribution,2,98.19,196.38,64.41,98.19,33.78,0.344,12,Low Stock,4,4.5
218,2025-12-10,2025-12,Returned,1062,Italy,25,Wall Shelf 11,Home,HomeStyle,4,HomeStyle Distribution,2,87.54,175.08,62.64,92.15,29.51,0.3202,40,Medium Stock,4,4.5
218,2025-12-10,2025-12,Returned,1062,Italy,23,Air Humidifier 9,Home,HomeStyle,4,HomeStyle Distribution,1,77.23,77.23,49.69,77.23,27.54,0.3566,40,Medium Stock,4,4.5
218,2025-12-10,2025-12,Returned,1062,Italy,15,Wall Shelf 1,Home,HomeStyle,4,HomeStyle Distribution,1,125.36,125.36,79.21,131.96,52.75,0.3997,150,High Stock,4,4.5
218,2025-12-10,2025-12,Returned,1062,Italy,35,Resistance Band 7,Fitness,UrbanFit,5,UrbanFit Partners,3,86.48,259.44,58.47,88.25,29.78,0.3375,60,Medium Stock,7,3.9
219,2025-12-10,2025-12,Processing,1170,Germany,67,Pen Kit 11,Office,OfficePlus,7,OfficePlus Vendor,2,59.15,118.3,47.07,62.26,15.19,0.244,18,Low Stock,5,4.2
219,2025-12-10,2025-12,Processing,1170,Germany,18,Wall Shelf 4,Home,HomeStyle,4,HomeStyle Distribution,2,32.99,65.98,20.95,32.99,12.04,0.365,120,High Stock,4,4.5
219,2025-12-10,2025-12,Processing,1170,Germany,86,Drawing Kit 2,Kids,KidsWorld,9,KidsWorld Source,3,32.62,97.86,19.39,32.62,13.23,0.4056,90,High Stock,8,3.8
220,2025-12-12,2025-12,Completed,1149,France,74,Lunch Box 4,Green Living,EcoTrend,8,EcoTrend Supply,3,43.18,129.54,25.01,44.06,19.05,0.4324,12,Low Stock,6,4.3
220,2025-12-12,2025-12,Completed,1149,France,10,Smart Plug 10,Electronics,TechNova,1,TechNova Supplies,1,80.85,80.85,48.3,82.5,34.2,0.4145,8,Low Stock,3,4.8
221,2025-12-12,2025-12,Returned,1089,Italy,62,Desk Organizer 6,Office,OfficePlus,7,OfficePlus Vendor,3,43.13,129.39,24.83,45.4,20.57,0.4531,150,High Stock,5,4.2
221,2025-12-12,2025-12,Returned,1089,Italy,41,Yoga Mat 13,Fitness,UrbanFit,5,UrbanFit Partners,3,18.4,55.2,12.27,18.78,6.51,0.3466,90,High Stock,7,3.9
221,2025-12-12,2025-12,Returned,1089,Italy,40,Jump Rope 12,Fitness,UrbanFit,5,UrbanFit Partners,1,36.16,36.16,23.22,36.16,12.94,0.3579,90,High Stock,7,3.9
221,2025-12-12,2025-12,Returned,1089,Italy,26,Desk Lamp 12,Home,HomeStyle,4,HomeStyle Distribution,2,72.99,145.98,39.03,72.99,33.96,0.4653,40,Medium Stock,4,4.5
222,2025-12-13,2025-12,Processing,1075,France,34,Foam Roller 6,Fitness,UrbanFit,5,UrbanFit Partners,3,71.83,215.49,44.58,73.3,28.72,0.3918,25,Medium Stock,7,3.9
222,2025-12-13,2025-12,Processing,1075,France,26,Desk Lamp 12,Home,HomeStyle,4,HomeStyle Distribution,1,71.53,71.53,39.03,72.99,33.96,0.4653,40,Medium Stock,4,4.5
222,2025-12-13,2025-12,Processing,1075,France,38,Yoga Mat 10,Fitness,UrbanFit,5,UrbanFit Partners,3,131.88,395.64,72.91,131.88,58.97,0.4471,12,Low Stock,7,3.9
223,2025-12-13,2025-12,Returned,1175,Germany,45,Body Lotion 3,Beauty,BeautyPro,6,BeautyPro Trade,1,72.19,72.19,39.7,72.19,32.49,0.4501,12,Low Stock,2,4.7
223,2025-12-13,2025-12,Returned,1175,Germany,50,Makeup Mirror 8,Beauty,BeautyPro,6,BeautyPro Trade,1,23.97,23.97,16.61,23.97,7.36,0.3071,8,Low Stock,2,4.7
223,2025-12-13,2025-12,Returned,1175,Germany,37,Resistance Band 9,Fitness,UrbanFit,5,UrbanFit Partners,2,60.41,120.82,49.13,61.64,12.51,0.203,8,Low Stock,7,3.9
223,2025-12-13,2025-12,Returned,1175,Germany,55,Body Lotion 13,Beauty,BeautyPro,6,BeautyPro Trade,1,98.66,98.66,75.1,103.85,28.75,0.2768,60,Medium Stock,2,4.7
224,2025-12-13,2025-12,Completed,1145,Italy,9,Wireless Mouse 9,Electronics,TechNova,1,TechNova Supplies,3,114.33,342.99,77.98,116.66,38.68,0.3316,150,High Stock,3,4.8
224,2025-12-13,2025-12,Completed,1145,Italy,14,Bluetooth Speaker 14,Electronics,TechNova,1,TechNova Supplies,1,62.23,62.23,45.06,63.5,18.44,0.2904,120,High Stock,3,4.8
225,2025-12-14,2025-12,Completed,1128,Netherlands,66,Desk Organizer 10,Office,OfficePlus,7,OfficePlus Vendor,3,73.46,220.38,52.78,74.96,22.18,0.2959,120,High Stock,5,4.2
225,2025-12-14,2025-12,Completed,1128,Netherlands,21,Air Humidifier 7,Home,HomeStyle,4,HomeStyle Distribution,3,14.84,44.52,11.82,15.14,3.32,0.2193,12,Low Stock,4,4.5
225,2025-12-14,2025-12,Completed,1128,Netherlands,2,Wireless Mouse 2,Electronics,TechNova,1,TechNova Supplies,3,96.92,290.76,55.75,102.02,46.27,0.4535,12,Low Stock,3,4.8
225,2025-12-14,2025-12,Completed,1128,Netherlands,10,Smart Plug 10,Electronics,TechNova,1,TechNova Supplies,2,80.85,161.7,48.3,82.5,34.2,0.4145,8,Low Stock,3,4.8
226,2025-12-14,2025-12,Completed,1125,Austria,14,Bluetooth Speaker 14,Electronics,TechNova,1,TechNova Supplies,2,62.23,124.46,45.06,63.5,18.44,0.2904,120,High Stock,3,4.8
227,2025-12-14,2025-12,Completed,1064,Italy,89,Toy Basket 5,Kids,KidsWorld,9,KidsWorld Source,3,50.35,151.05,38.16,53.0,14.84,0.28,120,High Stock,8,3.8
228,2025-12-15,2025-12,Cancelled,1104,Austria,41,Yoga Mat 13,Fitness,UrbanFit,5,UrbanFit Partners,3,18.78,56.34,12.27,18.78,6.51,0.3466,90,High Stock,7,3.9
228,2025-12-15,2025-12,Cancelled,1104,Austria,84,Compost Bin 14,Green Living,EcoTrend,8,EcoTrend Supply,2,69.23,138.46,54.75,72.87,18.12,0.2487,40,Medium Stock,6,4.3
228,2025-12-15,2025-12,Cancelled,1104,Austria,41,Yoga Mat 13,Fitness,UrbanFit,5,UrbanFit Partners,3,18.78,56.34,12.27,18.78,6.51,0.3466,90,High Stock,7,3.9
229,2025-12-15,2025-12,Completed,1023,Italy,33,Resistance Band 5,Fitness,UrbanFit,5,UrbanFit Partners,1,21.67,21.67,14.63,22.81,8.18,0.3586,150,High Stock,7,3.9
230,2025-12-17,2025-12,Completed,1064,France,20,Air Humidifier 6,Home,HomeStyle,4,HomeStyle Distribution,3,109.21,327.63,72.34,109.21,36.87,0.3376,25,Medium Stock,4,4.5
230,2025-12-17,2025-12,Completed,1064,France,43,Makeup Mirror 1,Beauty,BeautyPro,6,BeautyPro Trade,1,105.55,105.55,59.62,105.55,45.93,0.4351,12,Low Stock,2,4.7
230,2025-12-17,2025-12,Completed,1064,France,9,Wireless Mouse 9,Electronics,TechNova,1,TechNova Supplies,1,116.66,116.66,77.98,116.66,38.68,0.3316,150,High Stock,3,4.8
230,2025-12-17,2025-12,Completed,1064,France,78,Compost Bin 8,Green Living,EcoTrend,8,EcoTrend Supply,2,49.55,99.1,31.34,49.55,18.21,0.3675,150,High Stock,6,4.3
231,2025-12-17,2025-12,Completed,1000,Italy,68,Notebook Set 12,Office,OfficePlus,7,OfficePlus Vendor,1,104.58,104.58,67.59,110.08,42.49,0.386,18,Low Stock,5,4.2
231,2025-12-17,2025-12,Completed,1000,Italy,21,Air Humidifier 7,Home,HomeStyle,4,HomeStyle Distribution,3,14.38,43.14,11.82,15.14,3.32,0.2193,12,Low Stock,4,4.5
231,2025-12-17,2025-12,Completed,1000,Italy,88,Puzzle Set 4,Kids,KidsWorld,9,KidsWorld Source,2,38.53,77.06,27.79,38.53,10.74,0.2787,60,Medium Stock,8,3.8
232,2025-12-18,2025-12,Completed,1145,Austria,67,Pen Kit 11,Office,OfficePlus,7,OfficePlus Vendor,3,62.26,186.78,47.07,62.26,15.19,0.244,18,Low Stock,5,4.2
232,2025-12-18,2025-12,Completed,1145,Austria,49,Body Lotion 7,Beauty,BeautyPro,6,BeautyPro Trade,3,131.13,393.39,74.49,131.13,56.64,0.4319,40,Medium Stock,2,4.7
232,2025-12-18,2025-12,Completed,1145,Austria,8,Smart Plug 8,Electronics,TechNova,1,TechNova Supplies,3,89.23,267.69,50.28,89.23,38.95,0.4365,120,High Stock,3,4.8
232,2025-12-18,2025-12,Completed,1145,Austria,33,Resistance Band 5,Fitness,UrbanFit,5,UrbanFit Partners,3,22.35,67.05,14.63,22.81,8.18,0.3586,150,High Stock,7,3.9
233,2025-12-20,2025-12,Returned,1068,France,35,Resistance Band 7,Fitness,UrbanFit,5,UrbanFit Partners,2,83.84,167.68,58.47,88.25,29.78,0.3375,60,Medium Stock,7,3.9
233,2025-12-20,2025-12,Returned,1068,France,15,Wall Shelf 1,Home,HomeStyle,4,HomeStyle Distribution,2,131.96,263.92,79.21,131.96,52.75,0.3997,150,High Stock,4,4.5
233,2025-12-20,2025-12,Returned,1068,France,5,Bluetooth Speaker 5,Electronics,TechNova,1,TechNova Supplies,3,54.25,162.75,38.69,55.36,16.67,0.3011,8,Low Stock,3,4.8
233,2025-12-20,2025-12,Returned,1068,France,61,Notebook Set 5,Office,OfficePlus,7,OfficePlus Vendor,3,86.95,260.85,55.09,88.72,33.63,0.3791,12,Low Stock,5,4.2
234,2025-12-20,2025-12,Processing,1108,Germany,8,Smart Plug 8,Electronics,TechNova,1,TechNova Supplies,1,84.77,84.77,50.28,89.23,38.95,0.4365,120,High Stock,3,4.8
234,2025-12-20,2025-12,Processing,1108,Germany,42,Jump Rope 14,Fitness,UrbanFit,5,UrbanFit Partners,2,89.69,179.38,69.79,89.69,19.9,0.2219,12,Low Stock,7,3.9
234,2025-12-20,2025-12,Processing,1108,Germany,84,Compost Bin 14,Green Living,EcoTrend,8,EcoTrend Supply,1,71.41,71.41,54.75,72.87,18.12,0.2487,40,Medium Stock,6,4.3
235,2025-12-21,2025-12,Processing,1167,Germany,74,Lunch Box 4,Green Living,EcoTrend,8,EcoTrend Supply,3,43.18,129.54,25.01,44.06,19.05,0.4324,12,Low Stock,6,4.3
235,2025-12-21,2025-12,Processing,1167,Germany,18,Wall Shelf 4,Home,HomeStyle,4,HomeStyle Distribution,3,32.99,98.97,20.95,32.99,12.04,0.365,120,High Stock,4,4.5
235,2025-12-21,2025-12,Processing,1167,Germany,71,Bamboo Cutlery 1,Green Living,EcoTrend,8,EcoTrend Supply,2,128.79,257.58,78.04,135.57,57.53,0.4244,25,Medium Stock,6,4.3
236,2025-12-22,2025-12,Completed,1060,Germany,1,Wireless Mouse 1,Electronics,TechNova,1,TechNova Supplies,3,9.63,28.89,6.88,9.83,2.95,0.3001,25,Medium Stock,3,4.8
236,2025-12-22,2025-12,Completed,1060,Germany,2,Wireless Mouse 2,Electronics,TechNova,1,TechNova Supplies,2,99.98,199.96,55.75,102.02,46.27,0.4535,12,Low Stock,3,4.8
236,2025-12-22,2025-12,Completed,1060,Germany,43,Makeup Mirror 1,Beauty,BeautyPro,6,BeautyPro Trade,3,105.55,316.65,59.62,105.55,45.93,0.4351,12,Low Stock,2,4.7
236,2025-12-22,2025-12,Completed,1060,Germany,24,Storage Box 10,Home,HomeStyle,4,HomeStyle Distribution,2,70.49,140.98,56.02,74.2,18.18,0.245,150,High Stock,4,4.5
237,2025-12-22,2025-12,Returned,1144,Italy,26,Desk Lamp 12,Home,HomeStyle,4,HomeStyle Distribution,2,72.99,145.98,39.03,72.99,33.96,0.4653,40,Medium Stock,4,4.5
237,2025-12-22,2025-12,Returned,1144,Italy,40,Jump Rope 12,Fitness,UrbanFit,5,UrbanFit Partners,2,36.16,72.32,23.22,36.16,12.94,0.3579,90,High Stock,7,3.9
237,2025-12-22,2025-12,Returned,1144,Italy,12,Wireless Mouse 12,Electronics,TechNova,1,TechNova Supplies,2,51.76,103.52,33.51,51.76,18.25,0.3526,60,Medium Stock,3,4.8
238,2025-12-23,2025-12,Completed,1010,Netherlands,14,Bluetooth Speaker 14,Electronics,TechNova,1,TechNova Supplies,3,62.23,186.69,45.06,63.5,18.44,0.2904,120,High Stock,3,4.8
238,2025-12-23,2025-12,Completed,1010,Netherlands,33,Resistance Band 5,Fitness,UrbanFit,5,UrbanFit Partners,1,21.67,21.67,14.63,22.81,8.18,0.3586,150,High Stock,7,3.9
238,2025-12-23,2025-12,Completed,1010,Netherlands,58,Notebook Set 2,Office,OfficePlus,7,OfficePlus Vendor,3,14.57,43.71,10.49,14.57,4.08,0.28,40,Medium Stock,5,4.2
238,2025-12-23,2025-12,Completed,1010,Netherlands,45,Body Lotion 3,Beauty,BeautyPro,6,BeautyPro Trade,3,70.75,212.25,39.7,72.19,32.49,0.4501,12,Low Stock,2,4.7
239,2025-12-23,2025-12,Processing,1121,Italy,19,Wall Shelf 5,Home,HomeStyle,4,HomeStyle Distribution,1,26.83,26.83,15.47,26.83,11.36,0.4234,150,High Stock,4,4.5
239,2025-12-23,2025-12,Processing,1121,Italy,29,Yoga Mat 1,Fitness,UrbanFit,5,UrbanFit Partners,1,78.25,78.25,49.92,78.25,28.33,0.362,12,Low Stock,7,3.9
239,2025-12-23,2025-12,Processing,1121,Italy,11,Bluetooth Speaker 11,Electronics,TechNova,1,TechNova Supplies,3,119.06,357.18,62.98,119.06,56.08,0.471,25,Medium Stock,3,4.8
240,2025-12-24,2025-12,Processing,1144,Spain,5,Bluetooth Speaker 5,Electronics,TechNova,1,TechNova Supplies,1,55.36,55.36,38.69,55.36,16.67,0.3011,8,Low Stock,3,4.8
240,2025-12-24,2025-12,Processing,1144,Spain,62,Desk Organizer 6,Office,OfficePlus,7,OfficePlus Vendor,2,45.4,90.8,24.83,45.4,20.57,0.4531,150,High Stock,5,4.2
241,2025-12-24,2025-12,Completed,1069,Netherlands,17,Storage Box 3,Home,HomeStyle,4,HomeStyle Distribution,1,93.83,93.83,65.38,98.77,33.39,0.3381,12,Low Stock,4,4.5
241,2025-12-24,2025-12,Completed,1069,Netherlands,11,Bluetooth Speaker 11,Electronics,TechNova,1,TechNova Supplies,1,119.06,119.06,62.98,119.06,56.08,0.471,25,Medium Stock,3,4.8
241,2025-12-24,2025-12,Completed,1069,Netherlands,52,Hair Dryer 10,Beauty,BeautyPro,6,BeautyPro Trade,2,14.65,29.3,9.27,14.65,5.38,0.3672,18,Low Stock,2,4.7
242,2025-12-25,2025-12,Processing,1018,Germany,45,Body Lotion 3,Beauty,BeautyPro,6,BeautyPro Trade,3,68.58,205.74,39.7,72.19,32.49,0.4501,12,Low Stock,2,4.7
242,2025-12-25,2025-12,Processing,1018,Germany,46,Face Cleanser 4,Beauty,BeautyPro,6,BeautyPro Trade,2,16.7,33.4,8.79,16.7,7.91,0.4737,8,Low Stock,2,4.7
242,2025-12-25,2025-12,Processing,1018,Germany,15,Wall Shelf 1,Home,HomeStyle,4,HomeStyle Distribution,2,129.32,258.64,79.21,131.96,52.75,0.3997,150,High Stock,4,4.5
242,2025-12-25,2025-12,Processing,1018,Germany,15,Wall Shelf 1,Home,HomeStyle,4,HomeStyle Distribution,1,131.96,131.96,79.21,131.96,52.75,0.3997,150,High Stock,4,4.5
243,2025-12-25,2025-12,Returned,1116,Germany,14,Bluetooth Speaker 14,Electronics,TechNova,1,TechNova Supplies,1,63.5,63.5,45.06,63.5,18.44,0.2904,120,High Stock,3,4.8
243,2025-12-25,2025-12,Returned,1116,Germany,11,Bluetooth Speaker 11,Electronics,TechNova,1,TechNova Supplies,1,113.11,113.11,62.98,119.06,56.08,0.471,25,Medium Stock,3,4.8
244,2025-12-25,2025-12,Completed,1172,Germany,48,Makeup Mirror 6,Beauty,BeautyPro,6,BeautyPro Trade,2,93.7,187.4,72.68,98.63,25.95,0.2631,8,Low Stock,2,4.7
245,2025-12-25,2025-12,Returned,1074,Germany,70,Monitor Stand 14,Office,OfficePlus,7,OfficePlus Vendor,1,28.73,28.73,20.76,29.32,8.56,0.292,12,Low Stock,5,4.2
245,2025-12-25,2025-12,Returned,1074,Germany,55,Body Lotion 13,Beauty,BeautyPro,6,BeautyPro Trade,2,103.85,207.7,75.1,103.85,28.75,0.2768,60,Medium Stock,2,4.7
246,2025-12-26,2025-12,Returned,1166,Germany,63,Monitor Stand 7,Office,OfficePlus,7,OfficePlus Vendor,2,35.52,71.04,26.13,36.24,10.11,0.279,60,Medium Stock,5,4.2
247,2025-12-26,2025-12,Returned,1032,Netherlands,27,Desk Lamp 13,Home,HomeStyle,4,HomeStyle Distribution,1,53.99,53.99,43.08,56.83,13.75,0.2419,40,Medium Stock,4,4.5
247,2025-12-26,2025-12,Returned,1032,Netherlands,48,Makeup Mirror 6,Beauty,BeautyPro,6,BeautyPro Trade,2,93.7,187.4,72.68,98.63,25.95,0.2631,8,Low Stock,2,4.7
247,2025-12-26,2025-12,Returned,1032,Netherlands,23,Air Humidifier 9,Home,HomeStyle,4,HomeStyle Distribution,1,77.23,77.23,49.69,77.23,27.54,0.3566,40,Medium Stock,4,4.5
247,2025-12-26,2025-12,Returned,1032,Netherlands,36,Jump Rope 8,Fitness,UrbanFit,5,UrbanFit Partners,1,19.27,19.27,14.08,19.66,5.58,0.2838,60,Medium Stock,7,3.9
248,2025-12-26,2025-12,Completed,1140,Austria,33,Resistance Band 5,Fitness,UrbanFit,5,UrbanFit Partners,3,22.35,67.05,14.63,22.81,8.18,0.3586,150,High Stock,7,3.9
248,2025-12-26,2025-12,Completed,1140,Austria,11,Bluetooth Speaker 11,Electronics,TechNova,1,TechNova Supplies,1,119.06,119.06,62.98,119.06,56.08,0.471,25,Medium Stock,3,4.8
248,2025-12-26,2025-12,Completed,1140,Austria,26,Desk Lamp 12,Home,HomeStyle,4,HomeStyle Distribution,2,71.53,143.06,39.03,72.99,33.96,0.4653,40,Medium Stock,4,4.5
248,2025-12-26,2025-12,Completed,1140,Austria,90,Drawing Kit 6,Kids,KidsWorld,9,KidsWorld Source,1,78.05,78.05,54.41,78.05,23.64,0.3029,60,Medium Stock,8,3.8
249,2025-12-26,2025-12,Completed,1143,France,16,Wall Shelf 2,Home,HomeStyle,4,HomeStyle Distribution,3,113.69,341.07,68.21,119.67,51.46,0.43,25,Medium Stock,4,4.5
249,2025-12-26,2025-12,Completed,1143,France,9,Wireless Mouse 9,Electronics,TechNova,1,TechNova Supplies,1,114.33,114.33,77.98,116.66,38.68,0.3316,150,High Stock,3,4.8
249,2025-12-26,2025-12,Completed,1143,France,28,Desk Lamp 14,Home,HomeStyle,4,HomeStyle Distribution,3,27.29,81.87,16.46,28.73,12.27,0.4271,150,High Stock,4,4.5
249,2025-12-26,2025-12,Completed,1143,France,63,Monitor Stand 7,Office,OfficePlus,7,OfficePlus Vendor,1,36.24,36.24,26.13,36.24,10.11,0.279,60,Medium Stock,5,4.2
250,2025-12-28,2025-12,Completed,1116,Italy,41,Yoga Mat 13,Fitness,UrbanFit,5,UrbanFit Partners,2,17.84,35.68,12.27,18.78,6.51,0.3466,90,High Stock,7,3.9
250,2025-12-28,2025-12,Completed,1116,Italy,51,Face Cleanser 9,Beauty,BeautyPro,6,BeautyPro Trade,1,78.65,78.65,61.1,78.65,17.55,0.2231,120,High Stock,2,4.7
251,2025-12-29,2025-12,Returned,1133,Italy,12,Wireless Mouse 12,Electronics,TechNova,1,TechNova Supplies,1,49.17,49.17,33.51,51.76,18.25,0.3526,60,Medium Stock,3,4.8
251,2025-12-29,2025-12,Returned,1133,Italy,45,Body Lotion 3,Beauty,BeautyPro,6,BeautyPro Trade,2,68.58,137.16,39.7,72.19,32.49,0.4501,12,Low Stock,2,4.7
251,2025-12-29,2025-12,Returned,1133,Italy,21,Air Humidifier 7,Home,HomeStyle,4,HomeStyle Distribution,2,14.84,29.68,11.82,15.14,3.32,0.2193,12,Low Stock,4,4.5
252,2025-12-29,2025-12,Completed,1066,Netherlands,68,Notebook Set 12,Office,OfficePlus,7,OfficePlus Vendor,3,107.88,323.64,67.59,110.08,42.49,0.386,18,Low Stock,5,4.2
253,2025-12-29,2025-12,Completed,1046,Austria,46,Face Cleanser 4,Beauty,BeautyPro,6,BeautyPro Trade,1,16.7,16.7,8.79,16.7,7.91,0.4737,8,Low Stock,2,4.7
253,2025-12-29,2025-12,Completed,1046,Austria,13,Smart Plug 13,Electronics,TechNova,1,TechNova Supplies,2,53.35,106.7,31.65,53.35,21.7,0.4067,12,Low Stock,3,4.8
253,2025-12-29,2025-12,Completed,1046,Austria,4,Wireless Mouse 4,Electronics,TechNova,1,TechNova Supplies,1,79.16,79.16,47.09,80.78,33.69,0.4171,150,High Stock,3,4.8
254,2025-12-30,2025-12,Completed,1085,Netherlands,3,USB-C Hub 3,Electronics,TechNova,1,TechNova Supplies,3,9.48,28.44,7.38,9.67,2.29,0.2368,25,Medium Stock,3,4.8
254,2025-12-30,2025-12,Completed,1085,Netherlands,25,Wall Shelf 11,Home,HomeStyle,4,HomeStyle Distribution,3,92.15,276.45,62.64,92.15,29.51,0.3202,40,Medium Stock,4,4.5
254,2025-12-30,2025-12,Completed,1085,Netherlands,17,Storage Box 3,Home,HomeStyle,4,HomeStyle Distribution,2,96.79,193.58,65.38,98.77,33.39,0.3381,12,Low Stock,4,4.5
254,2025-12-30,2025-12,Completed,1085,Netherlands,47,Hair Dryer 5,Beauty,BeautyPro,6,BeautyPro Trade,1,27.35,27.35,17.47,27.35,9.88,0.3612,25,Medium Stock,2,4.7
255,2025-12-30,2025-12,Completed,1011,Germany,34,Foam Roller 6,Fitness,UrbanFit,5,UrbanFit Partners,1,69.63,69.63,44.58,73.3,28.72,0.3918,25,Medium Stock,7,3.9
255,2025-12-30,2025-12,Completed,1011,Germany,17,Storage Box 3,Home,HomeStyle,4,HomeStyle Distribution,3,93.83,281.49,65.38,98.77,33.39,0.3381,12,Low Stock,4,4.5
256,2025-12-30,2025-12,Returned,1157,Italy,10,Smart Plug 10,Electronics,TechNova,1,TechNova Supplies,3,78.38,235.14,48.3,82.5,34.2,0.4145,8,Low Stock,3,4.8
256,2025-12-30,2025-12,Returned,1157,Italy,8,Smart Plug 8,Electronics,TechNova,1,TechNova Supplies,3,84.77,254.31,50.28,89.23,38.95,0.4365,120,High Stock,3,4.8
256,2025-12-30,2025-12,Returned,1157,Italy,72,Lunch Box 2,Green Living,EcoTrend,8,EcoTrend Supply,1,139.0,139.0,78.22,139.0,60.78,0.4373,90,High Stock,6,4.3
257,2025-12-30,2025-12,Cancelled,1151,Austria,16,Wall Shelf 2,Home,HomeStyle,4,HomeStyle Distribution,3,113.69,341.07,68.21,119.67,51.46,0.43,25,Medium Stock,4,4.5
258,2025-12-31,2025-12,Completed,1040,Spain,48,Makeup Mirror 6,Beauty,BeautyPro,6,BeautyPro Trade,3,98.63,295.89,72.68,98.63,25.95,0.2631,8,Low Stock,2,4.7
258,2025-12-31,2025-12,Completed,1040,Spain,65,Pen Kit 9,Office,OfficePlus,7,OfficePlus Vendor,1,85.93,85.93,67.2,85.93,18.73,0.218,60,Medium Stock,5,4.2
258,2025-12-31,2025-12,Completed,1040,Spain,44,Hair Dryer 2,Beauty,BeautyPro,6,BeautyPro Trade,3,29.71,89.13,19.27,29.71,10.44,0.3514,90,High Stock,2,4.7
259,2026-01-01,2026-01,Returned,1105,Italy,72,Lunch Box 2,Green Living,EcoTrend,8,EcoTrend Supply,2,139.0,278.0,78.22,139.0,60.78,0.4373,90,High Stock,6,4.3
259,2026-01-01,2026-01,Returned,1105,Italy,26,Desk Lamp 12,Home,HomeStyle,4,HomeStyle Distribution,1,69.34,69.34,39.03,72.99,33.96,0.4653,40,Medium Stock,4,4.5
260,2026-01-02,2026-01,Completed,1098,Austria,89,Toy Basket 5,Kids,KidsWorld,9,KidsWorld Source,1,50.35,50.35,38.16,53.0,14.84,0.28,120,High Stock,8,3.8
260,2026-01-02,2026-01,Completed,1098,Austria,9,Wireless Mouse 9,Electronics,TechNova,1,TechNova Supplies,1,110.83,110.83,77.98,116.66,38.68,0.3316,150,High Stock,3,4.8
261,2026-01-04,2026-01,Returned,1018,Germany,7,Smart Plug 7,Electronics,TechNova,1,TechNova Supplies,3,18.97,56.91,12.67,18.97,6.3,0.3321,60,Medium Stock,3,4.8
261,2026-01-04,2026-01,Returned,1018,Germany,48,Makeup Mirror 6,Beauty,BeautyPro,6,BeautyPro Trade,2,93.7,187.4,72.68,98.63,25.95,0.2631,8,Low Stock,2,4.7
261,2026-01-04,2026-01,Returned,1018,Germany,86,Drawing Kit 2,Kids,KidsWorld,9,KidsWorld Source,3,32.62,97.86,19.39,32.62,13.23,0.4056,90,High Stock,8,3.8
261,2026-01-04,2026-01,Returned,1018,Germany,65,Pen Kit 9,Office,OfficePlus,7,OfficePlus Vendor,3,81.63,244.89,67.2,85.93,18.73,0.218,60,Medium Stock,5,4.2
262,2026-01-05,2026-01,Completed,1023,Germany,5,Bluetooth Speaker 5,Electronics,TechNova,1,TechNova Supplies,2,55.36,110.72,38.69,55.36,16.67,0.3011,8,Low Stock,3,4.8
262,2026-01-05,2026-01,Completed,1023,Germany,18,Wall Shelf 4,Home,HomeStyle,4,HomeStyle Distribution,1,32.33,32.33,20.95,32.99,12.04,0.365,120,High Stock,4,4.5
262,2026-01-05,2026-01,Completed,1023,Germany,83,Lunch Box 13,Green Living,EcoTrend,8,EcoTrend Supply,3,41.87,125.61,32.32,41.87,9.55,0.2281,60,Medium Stock,6,4.3
263,2026-01-05,2026-01,Completed,1098,France,16,Wall Shelf 2,Home,HomeStyle,4,HomeStyle Distribution,2,119.67,239.34,68.21,119.67,51.46,0.43,25,Medium Stock,4,4.5
264,2026-01-06,2026-01,Completed,1057,Netherlands,61,Notebook Set 5,Office,OfficePlus,7,OfficePlus Vendor,3,88.72,266.16,55.09,88.72,33.63,0.3791,12,Low Stock,5,4.2
264,2026-01-06,2026-01,Completed,1057,Netherlands,67,Pen Kit 11,Office,OfficePlus,7,OfficePlus Vendor,1,62.26,62.26,47.07,62.26,15.19,0.244,18,Low Stock,5,4.2
264,2026-01-06,2026-01,Completed,1057,Netherlands,34,Foam Roller 6,Fitness,UrbanFit,5,UrbanFit Partners,1,69.63,69.63,44.58,73.3,28.72,0.3918,25,Medium Stock,7,3.9
265,2026-01-07,2026-01,Processing,1006,Netherlands,26,Desk Lamp 12,Home,HomeStyle,4,HomeStyle Distribution,1,69.34,69.34,39.03,72.99,33.96,0.4653,40,Medium Stock,4,4.5
265,2026-01-07,2026-01,Processing,1006,Netherlands,30,Foam Roller 2,Fitness,UrbanFit,5,UrbanFit Partners,3,126.95,380.85,70.9,126.95,56.05,0.4415,40,Medium Stock,7,3.9
265,2026-01-07,2026-01,Processing,1006,Netherlands,15,Wall Shelf 1,Home,HomeStyle,4,HomeStyle Distribution,2,125.36,250.72,79.21,131.96,52.75,0.3997,150,High Stock,4,4.5
266,2026-01-07,2026-01,Completed,1140,Spain,76,Compost Bin 6,Green Living,EcoTrend,8,EcoTrend Supply,2,114.82,229.64,66.54,120.86,54.32,0.4494,25,Medium Stock,6,4.3
266,2026-01-07,2026-01,Completed,1140,Spain,30,Foam Roller 2,Fitness,UrbanFit,5,UrbanFit Partners,1,120.6,120.6,70.9,126.95,56.05,0.4415,40,Medium Stock,7,3.9
266,2026-01-07,2026-01,Completed,1140,Spain,75,Reusable Bottle 5,Green Living,EcoTrend,8,EcoTrend Supply,3,96.77,290.31,69.39,96.77,27.38,0.2829,120,High Stock,6,4.3
266,2026-01-07,2026-01,Completed,1140,Spain,7,Smart Plug 7,Electronics,TechNova,1,TechNova Supplies,1,18.59,18.59,12.67,18.97,6.3,0.3321,60,Medium Stock,3,4.8
267,2026-01-07,2026-01,Completed,1099,Austria,97,Drawing Kit 13,Kids,KidsWorld,9,KidsWorld Source,3,104.16,312.48,65.11,109.64,44.53,0.4061,150,High Stock,8,3.8
267,2026-01-07,2026-01,Completed,1099,Austria,30,Foam Roller 2,Fitness,UrbanFit,5,UrbanFit Partners,3,126.95,380.85,70.9,126.95,56.05,0.4415,40,Medium Stock,7,3.9
268,2026-01-07,2026-01,Cancelled,1140,Italy,3,USB-C Hub 3,Electronics,TechNova,1,TechNova Supplies,1,9.67,9.67,7.38,9.67,2.29,0.2368,25,Medium Stock,3,4.8
268,2026-01-07,2026-01,Cancelled,1140,Italy,3,USB-C Hub 3,Electronics,TechNova,1,TechNova Supplies,2,9.48,18.96,7.38,9.67,2.29,0.2368,25,Medium Stock,3,4.8
269,2026-01-07,2026-01,Completed,1013,Austria,57,Monitor Stand 1,Office,OfficePlus,7,OfficePlus Vendor,1,131.83,131.83,74.68,138.77,64.09,0.4618,8,Low Stock,5,4.2
269,2026-01-07,2026-01,Completed,1013,Austria,48,Makeup Mirror 6,Beauty,BeautyPro,6,BeautyPro Trade,2,98.63,197.26,72.68,98.63,25.95,0.2631,8,Low Stock,2,4.7
269,2026-01-07,2026-01,Completed,1013,Austria,64,Monitor Stand 8,Office,OfficePlus,7,OfficePlus Vendor,1,59.43,59.43,42.91,60.64,17.73,0.2924,8,Low Stock,5,4.2
269,2026-01-07,2026-01,Completed,1013,Austria,7,Smart Plug 7,Electronics,TechNova,1,TechNova Supplies,1,18.59,18.59,12.67,18.97,6.3,0.3321,60,Medium Stock,3,4.8
270,2026-01-08,2026-01,Returned,1126,Italy,3,USB-C Hub 3,Electronics,TechNova,1,TechNova Supplies,3,9.67,29.01,7.38,9.67,2.29,0.2368,25,Medium Stock,3,4.8
271,2026-01-08,2026-01,Completed,1159,France,35,Resistance Band 7,Fitness,UrbanFit,5,UrbanFit Partners,1,88.25,88.25,58.47,88.25,29.78,0.3375,60,Medium Stock,7,3.9
271,2026-01-08,2026-01,Completed,1159,France,26,Desk Lamp 12,Home,HomeStyle,4,HomeStyle Distribution,1,72.99,72.99,39.03,72.99,33.96,0.4653,40,Medium Stock,4,4.5
271,2026-01-08,2026-01,Completed,1159,France,31,Yoga Mat 3,Fitness,UrbanFit,5,UrbanFit Partners,3,37.35,112.05,23.07,37.35,14.28,0.3823,12,Low Stock,7,3.9
271,2026-01-08,2026-01,Completed,1159,France,98,Night Light 14,Kids,KidsWorld,9,KidsWorld Source,2,139.49,278.98,76.25,139.49,63.24,0.4534,150,High Stock,8,3.8
272,2026-01-08,2026-01,Completed,1009,Austria,92,Puzzle Set 8,Kids,KidsWorld,9,KidsWorld Source,3,16.0,48.0,8.47,16.0,7.53,0.4706,12,Low Stock,8,3.8
273,2026-01-08,2026-01,Returned,1101,France,86,Drawing Kit 2,Kids,KidsWorld,9,KidsWorld Source,2,30.99,61.98,19.39,32.62,13.23,0.4056,90,High Stock,8,3.8
274,2026-01-09,2026-01,Completed,1085,Spain,62,Desk Organizer 6,Office,OfficePlus,7,OfficePlus Vendor,1,45.4,45.4,24.83,45.4,20.57,0.4531,150,High Stock,5,4.2
274,2026-01-09,2026-01,Completed,1085,Spain,23,Air Humidifier 9,Home,HomeStyle,4,HomeStyle Distribution,3,77.23,231.69,49.69,77.23,27.54,0.3566,40,Medium Stock,4,4.5
275,2026-01-09,2026-01,Processing,1100,Spain,28,Desk Lamp 14,Home,HomeStyle,4,HomeStyle Distribution,3,28.73,86.19,16.46,28.73,12.27,0.4271,150,High Stock,4,4.5
275,2026-01-09,2026-01,Processing,1100,Spain,38,Yoga Mat 10,Fitness,UrbanFit,5,UrbanFit Partners,3,129.24,387.72,72.91,131.88,58.97,0.4471,12,Low Stock,7,3.9
275,2026-01-09,2026-01,Processing,1100,Spain,68,Notebook Set 12,Office,OfficePlus,7,OfficePlus Vendor,1,107.88,107.88,67.59,110.08,42.49,0.386,18,Low Stock,5,4.2
276,2026-01-10,2026-01,Processing,1117,France,5,Bluetooth Speaker 5,Electronics,TechNova,1,TechNova Supplies,3,55.36,166.08,38.69,55.36,16.67,0.3011,8,Low Stock,3,4.8
276,2026-01-10,2026-01,Processing,1117,France,28,Desk Lamp 14,Home,HomeStyle,4,HomeStyle Distribution,2,28.73,57.46,16.46,28.73,12.27,0.4271,150,High Stock,4,4.5
276,2026-01-10,2026-01,Processing,1117,France,5,Bluetooth Speaker 5,Electronics,TechNova,1,TechNova Supplies,2,54.25,108.5,38.69,55.36,16.67,0.3011,8,Low Stock,3,4.8
277,2026-01-10,2026-01,Completed,1047,Spain,36,Jump Rope 8,Fitness,UrbanFit,5,UrbanFit Partners,3,19.66,58.98,14.08,19.66,5.58,0.2838,60,Medium Stock,7,3.9
278,2026-01-10,2026-01,Completed,1133,Austria,78,Compost Bin 8,Green Living,EcoTrend,8,EcoTrend Supply,1,47.07,47.07,31.34,49.55,18.21,0.3675,150,High Stock,6,4.3
278,2026-01-10,2026-01,Completed,1133,Austria,62,Desk Organizer 6,Office,OfficePlus,7,OfficePlus Vendor,3,44.49,133.47,24.83,45.4,20.57,0.4531,150,High Stock,5,4.2
278,2026-01-10,2026-01,Completed,1133,Austria,15,Wall Shelf 1,Home,HomeStyle,4,HomeStyle Distribution,3,125.36,376.08,79.21,131.96,52.75,0.3997,150,High Stock,4,4.5
278,2026-01-10,2026-01,Completed,1133,Austria,93,Toy Basket 9,Kids,KidsWorld,9,KidsWorld Source,3,113.74,341.22,71.46,116.06,44.6,0.3843,90,High Stock,8,3.8
279,2026-01-11,2026-01,Processing,1085,Netherlands,49,Body Lotion 7,Beauty,BeautyPro,6,BeautyPro Trade,1,124.57,124.57,74.49,131.13,56.64,0.4319,40,Medium Stock,2,4.7
279,2026-01-11,2026-01,Processing,1085,Netherlands,1,Wireless Mouse 1,Electronics,TechNova,1,TechNova Supplies,2,9.63,19.26,6.88,9.83,2.95,0.3001,25,Medium Stock,3,4.8
279,2026-01-11,2026-01,Processing,1085,Netherlands,16,Wall Shelf 2,Home,HomeStyle,4,HomeStyle Distribution,3,119.67,359.01,68.21,119.67,51.46,0.43,25,Medium Stock,4,4.5
279,2026-01-11,2026-01,Processing,1085,Netherlands,17,Storage Box 3,Home,HomeStyle,4,HomeStyle Distribution,1,93.83,93.83,65.38,98.77,33.39,0.3381,12,Low Stock,4,4.5
280,2026-01-11,2026-01,Cancelled,1091,Netherlands,5,Bluetooth Speaker 5,Electronics,TechNova,1,TechNova Supplies,3,54.25,162.75,38.69,55.36,16.67,0.3011,8,Low Stock,3,4.8
280,2026-01-11,2026-01,Cancelled,1091,Netherlands,89,Toy Basket 5,Kids,KidsWorld,9,KidsWorld Source,2,53.0,106.0,38.16,53.0,14.84,0.28,120,High Stock,8,3.8
281,2026-01-11,2026-01,Returned,1089,Austria,33,Resistance Band 5,Fitness,UrbanFit,5,UrbanFit Partners,2,21.67,43.34,14.63,22.81,8.18,0.3586,150,High Stock,7,3.9
282,2026-01-12,2026-01,Cancelled,1016,France,77,Lunch Box 7,Green Living,EcoTrend,8,EcoTrend Supply,1,47.42,47.42,34.88,49.92,15.04,0.3013,12,Low Stock,6,4.3
282,2026-01-12,2026-01,Cancelled,1016,France,21,Air Humidifier 7,Home,HomeStyle,4,HomeStyle Distribution,1,14.84,14.84,11.82,15.14,3.32,0.2193,12,Low Stock,4,4.5
283,2026-01-13,2026-01,Cancelled,1163,Spain,8,Smart Plug 8,Electronics,TechNova,1,TechNova Supplies,2,89.23,178.46,50.28,89.23,38.95,0.4365,120,High Stock,3,4.8
283,2026-01-13,2026-01,Cancelled,1163,Spain,32,Jump Rope 4,Fitness,UrbanFit,5,UrbanFit Partners,1,122.33,122.33,66.2,124.83,58.63,0.4697,150,High Stock,7,3.9
283,2026-01-13,2026-01,Cancelled,1163,Spain,7,Smart Plug 7,Electronics,TechNova,1,TechNova Supplies,1,18.97,18.97,12.67,18.97,6.3,0.3321,60,Medium Stock,3,4.8
284,2026-01-14,2026-01,Completed,1025,Italy,33,Resistance Band 5,Fitness,UrbanFit,5,UrbanFit Partners,3,21.67,65.01,14.63,22.81,8.18,0.3586,150,High Stock,7,3.9
284,2026-01-14,2026-01,Completed,1025,Italy,81,Compost Bin 11,Green Living,EcoTrend,8,EcoTrend Supply,1,71.3,71.3,37.73,71.3,33.57,0.4708,12,Low Stock,6,4.3
284,2026-01-14,2026-01,Completed,1025,Italy,36,Jump Rope 8,Fitness,UrbanFit,5,UrbanFit Partners,3,19.66,58.98,14.08,19.66,5.58,0.2838,60,Medium Stock,7,3.9
285,2026-01-15,2026-01,Completed,1104,France,44,Hair Dryer 2,Beauty,BeautyPro,6,BeautyPro Trade,1,28.22,28.22,19.27,29.71,10.44,0.3514,90,High Stock,2,4.7
285,2026-01-15,2026-01,Completed,1104,France,10,Smart Plug 10,Electronics,TechNova,1,TechNova Supplies,2,80.85,161.7,48.3,82.5,34.2,0.4145,8,Low Stock,3,4.8
286,2026-01-16,2026-01,Returned,1046,Italy,3,USB-C Hub 3,Electronics,TechNova,1,TechNova Supplies,1,9.67,9.67,7.38,9.67,2.29,0.2368,25,Medium Stock,3,4.8
287,2026-01-17,2026-01,Cancelled,1089,Germany,7,Smart Plug 7,Electronics,TechNova,1,TechNova Supplies,1,18.02,18.02,12.67,18.97,6.3,0.3321,60,Medium Stock,3,4.8
288,2026-01-17,2026-01,Processing,1103,France,43,Makeup Mirror 1,Beauty,BeautyPro,6,BeautyPro Trade,1,100.27,100.27,59.62,105.55,45.93,0.4351,12,Low Stock,2,4.7
288,2026-01-17,2026-01,Processing,1103,France,6,Bluetooth Speaker 6,Electronics,TechNova,1,TechNova Supplies,2,82.7,165.4,57.36,84.39,27.03,0.3203,18,Low Stock,3,4.8
289,2026-01-18,2026-01,Completed,1073,Spain,25,Wall Shelf 11,Home,HomeStyle,4,HomeStyle Distribution,3,87.54,262.62,62.64,92.15,29.51,0.3202,40,Medium Stock,4,4.5
289,2026-01-18,2026-01,Completed,1073,Spain,39,Resistance Band 11,Fitness,UrbanFit,5,UrbanFit Partners,2,39.72,79.44,25.89,40.53,14.64,0.3612,150,High Stock,7,3.9
289,2026-01-18,2026-01,Completed,1073,Spain,26,Desk Lamp 12,Home,HomeStyle,4,HomeStyle Distribution,2,71.53,143.06,39.03,72.99,33.96,0.4653,40,Medium Stock,4,4.5
289,2026-01-18,2026-01,Completed,1073,Spain,10,Smart Plug 10,Electronics,TechNova,1,TechNova Supplies,2,78.38,156.76,48.3,82.5,34.2,0.4145,8,Low Stock,3,4.8
290,2026-01-19,2026-01,Processing,1111,France,18,Wall Shelf 4,Home,HomeStyle,4,HomeStyle Distribution,2,31.34,62.68,20.95,32.99,12.04,0.365,120,High Stock,4,4.5
291,2026-01-19,2026-01,Cancelled,1038,Austria,83,Lunch Box 13,Green Living,EcoTrend,8,EcoTrend Supply,2,41.03,82.06,32.32,41.87,9.55,0.2281,60,Medium Stock,6,4.3
291,2026-01-19,2026-01,Cancelled,1038,Austria,50,Makeup Mirror 8,Beauty,BeautyPro,6,BeautyPro Trade,1,22.77,22.77,16.61,23.97,7.36,0.3071,8,Low Stock,2,4.7
292,2026-01-19,2026-01,Cancelled,1073,France,34,Foam Roller 6,Fitness,UrbanFit,5,UrbanFit Partners,1,73.3,73.3,44.58,73.3,28.72,0.3918,25,Medium Stock,7,3.9
292,2026-01-19,2026-01,Cancelled,1073,France,1,Wireless Mouse 1,Electronics,TechNova,1,TechNova Supplies,3,9.63,28.89,6.88,9.83,2.95,0.3001,25,Medium Stock,3,4.8
293,2026-01-19,2026-01,Processing,1114,Netherlands,98,Night Light 14,Kids,KidsWorld,9,KidsWorld Source,1,136.7,136.7,76.25,139.49,63.24,0.4534,150,High Stock,8,3.8
293,2026-01-19,2026-01,Processing,1114,Netherlands,50,Makeup Mirror 8,Beauty,BeautyPro,6,BeautyPro Trade,2,23.97,47.94,16.61,23.97,7.36,0.3071,8,Low Stock,2,4.7
293,2026-01-19,2026-01,Processing,1114,Netherlands,21,Air Humidifier 7,Home,HomeStyle,4,HomeStyle Distribution,2,15.14,30.28,11.82,15.14,3.32,0.2193,12,Low Stock,4,4.5
293,2026-01-19,2026-01,Processing,1114,Netherlands,75,Reusable Bottle 5,Green Living,EcoTrend,8,EcoTrend Supply,2,96.77,193.54,69.39,96.77,27.38,0.2829,120,High Stock,6,4.3
294,2026-01-22,2026-01,Cancelled,1150,Netherlands,17,Storage Box 3,Home,HomeStyle,4,HomeStyle Distribution,2,96.79,193.58,65.38,98.77,33.39,0.3381,12,Low Stock,4,4.5
294,2026-01-22,2026-01,Cancelled,1150,Netherlands,38,Yoga Mat 10,Fitness,UrbanFit,5,UrbanFit Partners,2,125.29,250.58,72.91,131.88,58.97,0.4471,12,Low Stock,7,3.9
294,2026-01-22,2026-01,Cancelled,1150,Netherlands,46,Face Cleanser 4,Beauty,BeautyPro,6,BeautyPro Trade,3,16.7,50.1,8.79,16.7,7.91,0.4737,8,Low Stock,2,4.7
295,2026-01-22,2026-01,Processing,1033,Germany,14,Bluetooth Speaker 14,Electronics,TechNova,1,TechNova Supplies,1,63.5,63.5,45.06,63.5,18.44,0.2904,120,High Stock,3,4.8
295,2026-01-22,2026-01,Processing,1033,Germany,94,Toy Basket 10,Kids,KidsWorld,9,KidsWorld Source,1,37.11,37.11,23.3,39.06,15.76,0.4035,8,Low Stock,8,3.8
295,2026-01-22,2026-01,Processing,1033,Germany,58,Notebook Set 2,Office,OfficePlus,7,OfficePlus Vendor,3,14.57,43.71,10.49,14.57,4.08,0.28,40,Medium Stock,5,4.2
296,2026-01-22,2026-01,Completed,1091,Austria,39,Resistance Band 11,Fitness,UrbanFit,5,UrbanFit Partners,3,40.53,121.59,25.89,40.53,14.64,0.3612,150,High Stock,7,3.9
297,2026-01-23,2026-01,Processing,1062,Italy,12,Wireless Mouse 12,Electronics,TechNova,1,TechNova Supplies,2,51.76,103.52,33.51,51.76,18.25,0.3526,60,Medium Stock,3,4.8
298,2026-01-25,2026-01,Returned,1116,Germany,4,Wireless Mouse 4,Electronics,TechNova,1,TechNova Supplies,1,80.78,80.78,47.09,80.78,33.69,0.4171,150,High Stock,3,4.8
298,2026-01-25,2026-01,Returned,1116,Germany,21,Air Humidifier 7,Home,HomeStyle,4,HomeStyle Distribution,1,15.14,15.14,11.82,15.14,3.32,0.2193,12,Low Stock,4,4.5
299,2026-01-26,2026-01,Completed,1139,France,58,Notebook Set 2,Office,OfficePlus,7,OfficePlus Vendor,2,13.84,27.68,10.49,14.57,4.08,0.28,40,Medium Stock,5,4.2
299,2026-01-26,2026-01,Completed,1139,France,17,Storage Box 3,Home,HomeStyle,4,HomeStyle Distribution,3,98.77,296.31,65.38,98.77,33.39,0.3381,12,Low Stock,4,4.5
300,2026-01-27,2026-01,Returned,1008,Spain,38,Yoga Mat 10,Fitness,UrbanFit,5,UrbanFit Partners,1,125.29,125.29,72.91,131.88,58.97,0.4471,12,Low Stock,7,3.9
300,2026-01-27,2026-01,Returned,1008,Spain,55,Body Lotion 13,Beauty,BeautyPro,6,BeautyPro Trade,3,103.85,311.55,75.1,103.85,28.75,0.2768,60,Medium Stock,2,4.7
300,2026-01-27,2026-01,Returned,1008,Spain,7,Smart Plug 7,Electronics,TechNova,1,TechNova Supplies,1,18.02,18.02,12.67,18.97,6.3,0.3321,60,Medium Stock,3,4.8
300,2026-01-27,2026-01,Returned,1008,Spain,51,Face Cleanser 9,Beauty,BeautyPro,6,BeautyPro Trade,3,78.65,235.95,61.1,78.65,17.55,0.2231,120,High Stock,2,4.7
301,2026-01-27,2026-01,Processing,1050,Netherlands,6,Bluetooth Speaker 6,Electronics,TechNova,1,TechNova Supplies,1,82.7,82.7,57.36,84.39,27.03,0.3203,18,Low Stock,3,4.8
301,2026-01-27,2026-01,Processing,1050,Netherlands,91,Drawing Kit 7,Kids,KidsWorld,9,KidsWorld Source,1,73.55,73.55,55.46,77.42,21.96,0.2836,25,Medium Stock,8,3.8
301,2026-01-27,2026-01,Processing,1050,Netherlands,33,Resistance Band 5,Fitness,UrbanFit,5,UrbanFit Partners,1,22.81,22.81,14.63,22.81,8.18,0.3586,150,High Stock,7,3.9
302,2026-01-30,2026-01,Cancelled,1169,Austria,10,Smart Plug 10,Electronics,TechNova,1,TechNova Supplies,1,82.5,82.5,48.3,82.5,34.2,0.4145,8,Low Stock,3,4.8
302,2026-01-30,2026-01,Cancelled,1169,Austria,22,Desk Lamp 8,Home,HomeStyle,4,HomeStyle Distribution,2,96.23,192.46,64.41,98.19,33.78,0.344,12,Low Stock,4,4.5
303,2026-01-31,2026-01,Cancelled,1122,Germany,28,Desk Lamp 14,Home,HomeStyle,4,HomeStyle Distribution,1,27.29,27.29,16.46,28.73,12.27,0.4271,150,High Stock,4,4.5
303,2026-01-31,2026-01,Cancelled,1122,Germany,59,Monitor Stand 3,Office,OfficePlus,7,OfficePlus Vendor,2,126.85,253.7,71.06,129.44,58.38,0.451,60,Medium Stock,5,4.2
303,2026-01-31,2026-01,Cancelled,1122,Germany,57,Monitor Stand 1,Office,OfficePlus,7,OfficePlus Vendor,3,131.83,395.49,74.68,138.77,64.09,0.4618,8,Low Stock,5,4.2
304,2026-01-31,2026-01,Completed,1177,France,44,Hair Dryer 2,Beauty,BeautyPro,6,BeautyPro Trade,2,29.71,59.42,19.27,29.71,10.44,0.3514,90,High Stock,2,4.7
304,2026-01-31,2026-01,Completed,1177,France,7,Smart Plug 7,Electronics,TechNova,1,TechNova Supplies,3,18.97,56.91,12.67,18.97,6.3,0.3321,60,Medium Stock,3,4.8
305,2026-02-01,2026-02,Processing,1153,France,10,Smart Plug 10,Electronics,TechNova,1,TechNova Supplies,2,82.5,165.0,48.3,82.5,34.2,0.4145,8,Low Stock,3,4.8
306,2026-02-01,2026-02,Completed,1160,Germany,6,Bluetooth Speaker 6,Electronics,TechNova,1,TechNova Supplies,3,80.17,240.51,57.36,84.39,27.03,0.3203,18,Low Stock,3,4.8
306,2026-02-01,2026-02,Completed,1160,Germany,41,Yoga Mat 13,Fitness,UrbanFit,5,UrbanFit Partners,1,17.84,17.84,12.27,18.78,6.51,0.3466,90,High Stock,7,3.9
306,2026-02-01,2026-02,Completed,1160,Germany,74,Lunch Box 4,Green Living,EcoTrend,8,EcoTrend Supply,3,44.06,132.18,25.01,44.06,19.05,0.4324,12,Low Stock,6,4.3
306,2026-02-01,2026-02,Completed,1160,Germany,29,Yoga Mat 1,Fitness,UrbanFit,5,UrbanFit Partners,1,78.25,78.25,49.92,78.25,28.33,0.362,12,Low Stock,7,3.9
307,2026-02-02,2026-02,Completed,1082,France,10,Smart Plug 10,Electronics,TechNova,1,TechNova Supplies,3,78.38,235.14,48.3,82.5,34.2,0.4145,8,Low Stock,3,4.8
307,2026-02-02,2026-02,Completed,1082,France,39,Resistance Band 11,Fitness,UrbanFit,5,UrbanFit Partners,3,39.72,119.16,25.89,40.53,14.64,0.3612,150,High Stock,7,3.9
307,2026-02-02,2026-02,Completed,1082,France,65,Pen Kit 9,Office,OfficePlus,7,OfficePlus Vendor,3,85.93,257.79,67.2,85.93,18.73,0.218,60,Medium Stock,5,4.2
307,2026-02-02,2026-02,Completed,1082,France,57,Monitor Stand 1,Office,OfficePlus,7,OfficePlus Vendor,1,138.77,138.77,74.68,138.77,64.09,0.4618,8,Low Stock,5,4.2
308,2026-02-03,2026-02,Cancelled,1058,Spain,75,Reusable Bottle 5,Green Living,EcoTrend,8,EcoTrend Supply,2,91.93,183.86,69.39,96.77,27.38,0.2829,120,High Stock,6,4.3
308,2026-02-03,2026-02,Cancelled,1058,Spain,18,Wall Shelf 4,Home,HomeStyle,4,HomeStyle Distribution,1,32.99,32.99,20.95,32.99,12.04,0.365,120,High Stock,4,4.5
309,2026-02-03,2026-02,Cancelled,1094,Italy,12,Wireless Mouse 12,Electronics,TechNova,1,TechNova Supplies,1,51.76,51.76,33.51,51.76,18.25,0.3526,60,Medium Stock,3,4.8
309,2026-02-03,2026-02,Cancelled,1094,Italy,75,Reusable Bottle 5,Green Living,EcoTrend,8,EcoTrend Supply,1,94.83,94.83,69.39,96.77,27.38,0.2829,120,High Stock,6,4.3
309,2026-02-03,2026-02,Cancelled,1094,Italy,48,Makeup Mirror 6,Beauty,BeautyPro,6,BeautyPro Trade,3,98.63,295.89,72.68,98.63,25.95,0.2631,8,Low Stock,2,4.7
310,2026-02-03,2026-02,Completed,1090,Italy,20,Air Humidifier 6,Home,HomeStyle,4,HomeStyle Distribution,1,103.75,103.75,72.34,109.21,36.87,0.3376,25,Medium Stock,4,4.5
310,2026-02-03,2026-02,Completed,1090,Italy,57,Monitor Stand 1,Office,OfficePlus,7,OfficePlus Vendor,1,135.99,135.99,74.68,138.77,64.09,0.4618,8,Low Stock,5,4.2
311,2026-02-03,2026-02,Processing,1150,Italy,66,Desk Organizer 10,Office,OfficePlus,7,OfficePlus Vendor,3,71.21,213.63,52.78,74.96,22.18,0.2959,120,High Stock,5,4.2
311,2026-02-03,2026-02,Processing,1150,Italy,44,Hair Dryer 2,Beauty,BeautyPro,6,BeautyPro Trade,2,29.12,58.24,19.27,29.71,10.44,0.3514,90,High Stock,2,4.7
312,2026-02-03,2026-02,Cancelled,1035,Italy,51,Face Cleanser 9,Beauty,BeautyPro,6,BeautyPro Trade,3,78.65,235.95,61.1,78.65,17.55,0.2231,120,High Stock,2,4.7
312,2026-02-03,2026-02,Cancelled,1035,Italy,25,Wall Shelf 11,Home,HomeStyle,4,HomeStyle Distribution,1,90.31,90.31,62.64,92.15,29.51,0.3202,40,Medium Stock,4,4.5
313,2026-02-04,2026-02,Returned,1023,France,38,Yoga Mat 10,Fitness,UrbanFit,5,UrbanFit Partners,1,125.29,125.29,72.91,131.88,58.97,0.4471,12,Low Stock,7,3.9
314,2026-02-04,2026-02,Completed,1098,Italy,36,Jump Rope 8,Fitness,UrbanFit,5,UrbanFit Partners,3,19.27,57.81,14.08,19.66,5.58,0.2838,60,Medium Stock,7,3.9
315,2026-02-04,2026-02,Cancelled,1143,France,70,Monitor Stand 14,Office,OfficePlus,7,OfficePlus Vendor,1,28.73,28.73,20.76,29.32,8.56,0.292,12,Low Stock,5,4.2
315,2026-02-04,2026-02,Cancelled,1143,France,69,Desk Organizer 13,Office,OfficePlus,7,OfficePlus Vendor,2,11.86,23.72,8.14,12.1,3.96,0.3273,8,Low Stock,5,4.2
315,2026-02-04,2026-02,Cancelled,1143,France,68,Notebook Set 12,Office,OfficePlus,7,OfficePlus Vendor,1,104.58,104.58,67.59,110.08,42.49,0.386,18,Low Stock,5,4.2
315,2026-02-04,2026-02,Cancelled,1143,France,1,Wireless Mouse 1,Electronics,TechNova,1,TechNova Supplies,3,9.63,28.89,6.88,9.83,2.95,0.3001,25,Medium Stock,3,4.8
316,2026-02-04,2026-02,Cancelled,1146,France,58,Notebook Set 2,Office,OfficePlus,7,OfficePlus Vendor,1,13.84,13.84,10.49,14.57,4.08,0.28,40,Medium Stock,5,4.2
316,2026-02-04,2026-02,Cancelled,1146,France,59,Monitor Stand 3,Office,OfficePlus,7,OfficePlus Vendor,1,122.97,122.97,71.06,129.44,58.38,0.451,60,Medium Stock,5,4.2
316,2026-02-04,2026-02,Cancelled,1146,France,50,Makeup Mirror 8,Beauty,BeautyPro,6,BeautyPro Trade,1,23.49,23.49,16.61,23.97,7.36,0.3071,8,Low Stock,2,4.7
316,2026-02-04,2026-02,Cancelled,1146,France,59,Monitor Stand 3,Office,OfficePlus,7,OfficePlus Vendor,1,129.44,129.44,71.06,129.44,58.38,0.451,60,Medium Stock,5,4.2
317,2026-02-05,2026-02,Completed,1029,Netherlands,69,Desk Organizer 13,Office,OfficePlus,7,OfficePlus Vendor,2,12.1,24.2,8.14,12.1,3.96,0.3273,8,Low Stock,5,4.2
317,2026-02-05,2026-02,Completed,1029,Netherlands,32,Jump Rope 4,Fitness,UrbanFit,5,UrbanFit Partners,3,124.83,374.49,66.2,124.83,58.63,0.4697,150,High Stock,7,3.9
317,2026-02-05,2026-02,Completed,1029,Netherlands,35,Resistance Band 7,Fitness,UrbanFit,5,UrbanFit Partners,2,83.84,167.68,58.47,88.25,29.78,0.3375,60,Medium Stock,7,3.9
318,2026-02-05,2026-02,Completed,1114,Netherlands,8,Smart Plug 8,Electronics,TechNova,1,TechNova Supplies,1,89.23,89.23,50.28,89.23,38.95,0.4365,120,High Stock,3,4.8
318,2026-02-05,2026-02,Completed,1114,Netherlands,26,Desk Lamp 12,Home,HomeStyle,4,HomeStyle Distribution,2,72.99,145.98,39.03,72.99,33.96,0.4653,40,Medium Stock,4,4.5
318,2026-02-05,2026-02,Completed,1114,Netherlands,47,Hair Dryer 5,Beauty,BeautyPro,6,BeautyPro Trade,2,25.98,51.96,17.47,27.35,9.88,0.3612,25,Medium Stock,2,4.7
319,2026-02-06,2026-02,Completed,1085,Spain,61,Notebook Set 5,Office,OfficePlus,7,OfficePlus Vendor,1,88.72,88.72,55.09,88.72,33.63,0.3791,12,Low Stock,5,4.2
319,2026-02-06,2026-02,Completed,1085,Spain,14,Bluetooth Speaker 14,Electronics,TechNova,1,TechNova Supplies,1,63.5,63.5,45.06,63.5,18.44,0.2904,120,High Stock,3,4.8
319,2026-02-06,2026-02,Completed,1085,Spain,9,Wireless Mouse 9,Electronics,TechNova,1,TechNova Supplies,2,110.83,221.66,77.98,116.66,38.68,0.3316,150,High Stock,3,4.8
320,2026-02-06,2026-02,Completed,1174,Italy,49,Body Lotion 7,Beauty,BeautyPro,6,BeautyPro Trade,1,131.13,131.13,74.49,131.13,56.64,0.4319,40,Medium Stock,2,4.7
320,2026-02-06,2026-02,Completed,1174,Italy,1,Wireless Mouse 1,Electronics,TechNova,1,TechNova Supplies,2,9.83,19.66,6.88,9.83,2.95,0.3001,25,Medium Stock,3,4.8
320,2026-02-06,2026-02,Completed,1174,Italy,11,Bluetooth Speaker 11,Electronics,TechNova,1,TechNova Supplies,3,119.06,357.18,62.98,119.06,56.08,0.471,25,Medium Stock,3,4.8
320,2026-02-06,2026-02,Completed,1174,Italy,2,Wireless Mouse 2,Electronics,TechNova,1,TechNova Supplies,2,99.98,199.96,55.75,102.02,46.27,0.4535,12,Low Stock,3,4.8
321,2026-02-06,2026-02,Cancelled,1126,Austria,11,Bluetooth Speaker 11,Electronics,TechNova,1,TechNova Supplies,2,116.68,233.36,62.98,119.06,56.08,0.471,25,Medium Stock,3,4.8
322,2026-02-06,2026-02,Completed,1074,Austria,12,Wireless Mouse 12,Electronics,TechNova,1,TechNova Supplies,3,51.76,155.28,33.51,51.76,18.25,0.3526,60,Medium Stock,3,4.8
322,2026-02-06,2026-02,Completed,1074,Austria,26,Desk Lamp 12,Home,HomeStyle,4,HomeStyle Distribution,3,72.99,218.97,39.03,72.99,33.96,0.4653,40,Medium Stock,4,4.5
322,2026-02-06,2026-02,Completed,1074,Austria,27,Desk Lamp 13,Home,HomeStyle,4,HomeStyle Distribution,3,56.83,170.49,43.08,56.83,13.75,0.2419,40,Medium Stock,4,4.5
322,2026-02-06,2026-02,Completed,1074,Austria,74,Lunch Box 4,Green Living,EcoTrend,8,EcoTrend Supply,1,41.86,41.86,25.01,44.06,19.05,0.4324,12,Low Stock,6,4.3
323,2026-02-06,2026-02,Completed,1046,Spain,35,Resistance Band 7,Fitness,UrbanFit,5,UrbanFit Partners,2,86.48,172.96,58.47,88.25,29.78,0.3375,60,Medium Stock,7,3.9
323,2026-02-06,2026-02,Completed,1046,Spain,55,Body Lotion 13,Beauty,BeautyPro,6,BeautyPro Trade,2,101.77,203.54,75.1,103.85,28.75,0.2768,60,Medium Stock,2,4.7
324,2026-02-06,2026-02,Completed,1052,Austria,7,Smart Plug 7,Electronics,TechNova,1,TechNova Supplies,1,18.97,18.97,12.67,18.97,6.3,0.3321,60,Medium Stock,3,4.8
324,2026-02-06,2026-02,Completed,1052,Austria,14,Bluetooth Speaker 14,Electronics,TechNova,1,TechNova Supplies,2,60.32,120.64,45.06,63.5,18.44,0.2904,120,High Stock,3,4.8
325,2026-02-06,2026-02,Processing,1137,Spain,53,Face Cleanser 11,Beauty,BeautyPro,6,BeautyPro Trade,2,76.5,153.0,55.64,78.06,22.42,0.2872,12,Low Stock,2,4.7
325,2026-02-06,2026-02,Processing,1137,Spain,4,Wireless Mouse 4,Electronics,TechNova,1,TechNova Supplies,2,80.78,161.56,47.09,80.78,33.69,0.4171,150,High Stock,3,4.8
325,2026-02-06,2026-02,Processing,1137,Spain,33,Resistance Band 5,Fitness,UrbanFit,5,UrbanFit Partners,1,22.35,22.35,14.63,22.81,8.18,0.3586,150,High Stock,7,3.9
325,2026-02-06,2026-02,Processing,1137,Spain,43,Makeup Mirror 1,Beauty,BeautyPro,6,BeautyPro Trade,3,100.27,300.81,59.62,105.55,45.93,0.4351,12,Low Stock,2,4.7
326,2026-02-06,2026-02,Completed,1035,Spain,43,Makeup Mirror 1,Beauty,BeautyPro,6,BeautyPro Trade,1,100.27,100.27,59.62,105.55,45.93,0.4351,12,Low Stock,2,4.7
326,2026-02-06,2026-02,Completed,1035,Spain,2,Wireless Mouse 2,Electronics,TechNova,1,TechNova Supplies,2,102.02,204.04,55.75,102.02,46.27,0.4535,12,Low Stock,3,4.8
327,2026-02-07,2026-02,Completed,1169,Germany,21,Air Humidifier 7,Home,HomeStyle,4,HomeStyle Distribution,2,14.38,28.76,11.82,15.14,3.32,0.2193,12,Low Stock,4,4.5
328,2026-02-08,2026-02,Processing,1094,Spain,46,Face Cleanser 4,Beauty,BeautyPro,6,BeautyPro Trade,2,16.37,32.74,8.79,16.7,7.91,0.4737,8,Low Stock,2,4.7
328,2026-02-08,2026-02,Processing,1094,Spain,10,Smart Plug 10,Electronics,TechNova,1,TechNova Supplies,2,80.85,161.7,48.3,82.5,34.2,0.4145,8,Low Stock,3,4.8
328,2026-02-08,2026-02,Processing,1094,Spain,52,Hair Dryer 10,Beauty,BeautyPro,6,BeautyPro Trade,2,14.65,29.3,9.27,14.65,5.38,0.3672,18,Low Stock,2,4.7
328,2026-02-08,2026-02,Processing,1094,Spain,57,Monitor Stand 1,Office,OfficePlus,7,OfficePlus Vendor,3,135.99,407.97,74.68,138.77,64.09,0.4618,8,Low Stock,5,4.2
329,2026-02-09,2026-02,Completed,1009,Netherlands,95,Puzzle Set 11,Kids,KidsWorld,9,KidsWorld Source,2,83.83,167.66,63.38,88.24,24.86,0.2817,150,High Stock,8,3.8
329,2026-02-09,2026-02,Completed,1009,Netherlands,13,Smart Plug 13,Electronics,TechNova,1,TechNova Supplies,2,53.35,106.7,31.65,53.35,21.7,0.4067,12,Low Stock,3,4.8
330,2026-02-10,2026-02,Cancelled,1045,Italy,67,Pen Kit 11,Office,OfficePlus,7,OfficePlus Vendor,3,61.01,183.03,47.07,62.26,15.19,0.244,18,Low Stock,5,4.2
330,2026-02-10,2026-02,Cancelled,1045,Italy,36,Jump Rope 8,Fitness,UrbanFit,5,UrbanFit Partners,3,18.68,56.04,14.08,19.66,5.58,0.2838,60,Medium Stock,7,3.9
330,2026-02-10,2026-02,Cancelled,1045,Italy,25,Wall Shelf 11,Home,HomeStyle,4,HomeStyle Distribution,2,92.15,184.3,62.64,92.15,29.51,0.3202,40,Medium Stock,4,4.5
331,2026-02-11,2026-02,Cancelled,1125,Italy,8,Smart Plug 8,Electronics,TechNova,1,TechNova Supplies,2,87.45,174.9,50.28,89.23,38.95,0.4365,120,High Stock,3,4.8
331,2026-02-11,2026-02,Cancelled,1125,Italy,56,Body Lotion 14,Beauty,BeautyPro,6,BeautyPro Trade,1,57.32,57.32,34.68,58.49,23.81,0.4071,40,Medium Stock,2,4.7
331,2026-02-11,2026-02,Cancelled,1125,Italy,15,Wall Shelf 1,Home,HomeStyle,4,HomeStyle Distribution,3,131.96,395.88,79.21,131.96,52.75,0.3997,150,High Stock,4,4.5
331,2026-02-11,2026-02,Cancelled,1125,Italy,25,Wall Shelf 11,Home,HomeStyle,4,HomeStyle Distribution,3,92.15,276.45,62.64,92.15,29.51,0.3202,40,Medium Stock,4,4.5
332,2026-02-11,2026-02,Processing,1176,Austria,4,Wireless Mouse 4,Electronics,TechNova,1,TechNova Supplies,3,76.74,230.22,47.09,80.78,33.69,0.4171,150,High Stock,3,4.8
333,2026-02-13,2026-02,Cancelled,1046,Netherlands,64,Monitor Stand 8,Office,OfficePlus,7,OfficePlus Vendor,2,57.61,115.22,42.91,60.64,17.73,0.2924,8,Low Stock,5,4.2
333,2026-02-13,2026-02,Cancelled,1046,Netherlands,60,Desk Organizer 4,Office,OfficePlus,7,OfficePlus Vendor,2,60.69,121.38,37.86,60.69,22.83,0.3762,40,Medium Stock,5,4.2
334,2026-02-14,2026-02,Processing,1173,Germany,56,Body Lotion 14,Beauty,BeautyPro,6,BeautyPro Trade,3,58.49,175.47,34.68,58.49,23.81,0.4071,40,Medium Stock,2,4.7
334,2026-02-14,2026-02,Processing,1173,Germany,19,Wall Shelf 5,Home,HomeStyle,4,HomeStyle Distribution,1,26.29,26.29,15.47,26.83,11.36,0.4234,150,High Stock,4,4.5
334,2026-02-14,2026-02,Processing,1173,Germany,11,Bluetooth Speaker 11,Electronics,TechNova,1,TechNova Supplies,3,116.68,350.04,62.98,119.06,56.08,0.471,25,Medium Stock,3,4.8
334,2026-02-14,2026-02,Processing,1173,Germany,46,Face Cleanser 4,Beauty,BeautyPro,6,BeautyPro Trade,3,16.7,50.1,8.79,16.7,7.91,0.4737,8,Low Stock,2,4.7
335,2026-02-14,2026-02,Cancelled,1135,Spain,34,Foam Roller 6,Fitness,UrbanFit,5,UrbanFit Partners,1,69.63,69.63,44.58,73.3,28.72,0.3918,25,Medium Stock,7,3.9
335,2026-02-14,2026-02,Cancelled,1135,Spain,11,Bluetooth Speaker 11,Electronics,TechNova,1,TechNova Supplies,3,113.11,339.33,62.98,119.06,56.08,0.471,25,Medium Stock,3,4.8
335,2026-02-14,2026-02,Cancelled,1135,Spain,51,Face Cleanser 9,Beauty,BeautyPro,6,BeautyPro Trade,3,74.72,224.16,61.1,78.65,17.55,0.2231,120,High Stock,2,4.7
335,2026-02-14,2026-02,Cancelled,1135,Spain,98,Night Light 14,Kids,KidsWorld,9,KidsWorld Source,3,132.52,397.56,76.25,139.49,63.24,0.4534,150,High Stock,8,3.8
336,2026-02-14,2026-02,Completed,1012,France,58,Notebook Set 2,Office,OfficePlus,7,OfficePlus Vendor,2,14.57,29.14,10.49,14.57,4.08,0.28,40,Medium Stock,5,4.2
336,2026-02-14,2026-02,Completed,1012,France,57,Monitor Stand 1,Office,OfficePlus,7,OfficePlus Vendor,1,138.77,138.77,74.68,138.77,64.09,0.4618,8,Low Stock,5,4.2
336,2026-02-14,2026-02,Completed,1012,France,87,Drawing Kit 3,Kids,KidsWorld,9,KidsWorld Source,3,73.96,221.88,51.16,73.96,22.8,0.3083,150,High Stock,8,3.8
336,2026-02-14,2026-02,Completed,1012,France,13,Smart Plug 13,Electronics,TechNova,1,TechNova Supplies,1,52.28,52.28,31.65,53.35,21.7,0.4067,12,Low Stock,3,4.8
337,2026-02-15,2026-02,Cancelled,1141,France,40,Jump Rope 12,Fitness,UrbanFit,5,UrbanFit Partners,2,34.35,68.7,23.22,36.16,12.94,0.3579,90,High Stock,7,3.9
338,2026-02-15,2026-02,Returned,1057,Germany,94,Toy Basket 10,Kids,KidsWorld,9,KidsWorld Source,1,39.06,39.06,23.3,39.06,15.76,0.4035,8,Low Stock,8,3.8
338,2026-02-15,2026-02,Returned,1057,Germany,11,Bluetooth Speaker 11,Electronics,TechNova,1,TechNova Supplies,2,119.06,238.12,62.98,119.06,56.08,0.471,25,Medium Stock,3,4.8
338,2026-02-15,2026-02,Returned,1057,Germany,53,Face Cleanser 11,Beauty,BeautyPro,6,BeautyPro Trade,3,78.06,234.18,55.64,78.06,22.42,0.2872,12,Low Stock,2,4.7
338,2026-02-15,2026-02,Returned,1057,Germany,42,Jump Rope 14,Fitness,UrbanFit,5,UrbanFit Partners,2,89.69,179.38,69.79,89.69,19.9,0.2219,12,Low Stock,7,3.9
339,2026-02-16,2026-02,Cancelled,1121,France,42,Jump Rope 14,Fitness,UrbanFit,5,UrbanFit Partners,2,85.21,170.42,69.79,89.69,19.9,0.2219,12,Low Stock,7,3.9
339,2026-02-16,2026-02,Cancelled,1121,France,52,Hair Dryer 10,Beauty,BeautyPro,6,BeautyPro Trade,2,14.65,29.3,9.27,14.65,5.38,0.3672,18,Low Stock,2,4.7
339,2026-02-16,2026-02,Cancelled,1121,France,83,Lunch Box 13,Green Living,EcoTrend,8,EcoTrend Supply,2,41.87,83.74,32.32,41.87,9.55,0.2281,60,Medium Stock,6,4.3
340,2026-02-16,2026-02,Completed,1022,Germany,62,Desk Organizer 6,Office,OfficePlus,7,OfficePlus Vendor,2,44.49,88.98,24.83,45.4,20.57,0.4531,150,High Stock,5,4.2
341,2026-02-16,2026-02,Cancelled,1108,Germany,4,Wireless Mouse 4,Electronics,TechNova,1,TechNova Supplies,3,80.78,242.34,47.09,80.78,33.69,0.4171,150,High Stock,3,4.8
342,2026-02-17,2026-02,Returned,1044,Netherlands,71,Bamboo Cutlery 1,Green Living,EcoTrend,8,EcoTrend Supply,2,132.86,265.72,78.04,135.57,57.53,0.4244,25,Medium Stock,6,4.3
342,2026-02-17,2026-02,Returned,1044,Netherlands,14,Bluetooth Speaker 14,Electronics,TechNova,1,TechNova Supplies,2,62.23,124.46,45.06,63.5,18.44,0.2904,120,High Stock,3,4.8
343,2026-02-17,2026-02,Returned,1153,Germany,25,Wall Shelf 11,Home,HomeStyle,4,HomeStyle Distribution,2,87.54,175.08,62.64,92.15,29.51,0.3202,40,Medium Stock,4,4.5
343,2026-02-17,2026-02,Returned,1153,Germany,31,Yoga Mat 3,Fitness,UrbanFit,5,UrbanFit Partners,1,35.48,35.48,23.07,37.35,14.28,0.3823,12,Low Stock,7,3.9
344,2026-02-18,2026-02,Processing,1007,Italy,33,Resistance Band 5,Fitness,UrbanFit,5,UrbanFit Partners,2,21.67,43.34,14.63,22.81,8.18,0.3586,150,High Stock,7,3.9
344,2026-02-18,2026-02,Processing,1007,Italy,29,Yoga Mat 1,Fitness,UrbanFit,5,UrbanFit Partners,2,78.25,156.5,49.92,78.25,28.33,0.362,12,Low Stock,7,3.9
344,2026-02-18,2026-02,Processing,1007,Italy,85,Night Light 1,Kids,KidsWorld,9,KidsWorld Source,3,80.44,241.32,55.02,80.44,25.42,0.316,40,Medium Stock,8,3.8
344,2026-02-18,2026-02,Processing,1007,Italy,53,Face Cleanser 11,Beauty,BeautyPro,6,BeautyPro Trade,1,78.06,78.06,55.64,78.06,22.42,0.2872,12,Low Stock,2,4.7
345,2026-02-19,2026-02,Completed,1136,Spain,46,Face Cleanser 4,Beauty,BeautyPro,6,BeautyPro Trade,3,16.7,50.1,8.79,16.7,7.91,0.4737,8,Low Stock,2,4.7
345,2026-02-19,2026-02,Completed,1136,Spain,3,USB-C Hub 3,Electronics,TechNova,1,TechNova Supplies,3,9.67,29.01,7.38,9.67,2.29,0.2368,25,Medium Stock,3,4.8
345,2026-02-19,2026-02,Completed,1136,Spain,79,Reusable Bottle 9,Green Living,EcoTrend,8,EcoTrend Supply,3,25.67,77.01,13.65,25.67,12.02,0.4683,18,Low Stock,6,4.3
346,2026-02-19,2026-02,Completed,1003,Italy,79,Reusable Bottle 9,Green Living,EcoTrend,8,EcoTrend Supply,2,25.67,51.34,13.65,25.67,12.02,0.4683,18,Low Stock,6,4.3
346,2026-02-19,2026-02,Completed,1003,Italy,61,Notebook Set 5,Office,OfficePlus,7,OfficePlus Vendor,2,84.28,168.56,55.09,88.72,33.63,0.3791,12,Low Stock,5,4.2
347,2026-02-20,2026-02,Processing,1085,Spain,1,Wireless Mouse 1,Electronics,TechNova,1,TechNova Supplies,3,9.34,28.02,6.88,9.83,2.95,0.3001,25,Medium Stock,3,4.8
347,2026-02-20,2026-02,Processing,1085,Spain,4,Wireless Mouse 4,Electronics,TechNova,1,TechNova Supplies,1,80.78,80.78,47.09,80.78,33.69,0.4171,150,High Stock,3,4.8
348,2026-02-20,2026-02,Returned,1160,Netherlands,14,Bluetooth Speaker 14,Electronics,TechNova,1,TechNova Supplies,1,60.32,60.32,45.06,63.5,18.44,0.2904,120,High Stock,3,4.8
348,2026-02-20,2026-02,Returned,1160,Netherlands,8,Smart Plug 8,Electronics,TechNova,1,TechNova Supplies,2,89.23,178.46,50.28,89.23,38.95,0.4365,120,High Stock,3,4.8
348,2026-02-20,2026-02,Returned,1160,Netherlands,27,Desk Lamp 13,Home,HomeStyle,4,HomeStyle Distribution,2,53.99,107.98,43.08,56.83,13.75,0.2419,40,Medium Stock,4,4.5
348,2026-02-20,2026-02,Returned,1160,Netherlands,82,Lunch Box 12,Green Living,EcoTrend,8,EcoTrend Supply,3,41.23,123.69,24.1,41.23,17.13,0.4155,8,Low Stock,6,4.3
349,2026-02-21,2026-02,Completed,1151,Netherlands,32,Jump Rope 4,Fitness,UrbanFit,5,UrbanFit Partners,2,124.83,249.66,66.2,124.83,58.63,0.4697,150,High Stock,7,3.9
349,2026-02-21,2026-02,Completed,1151,Netherlands,1,Wireless Mouse 1,Electronics,TechNova,1,TechNova Supplies,3,9.83,29.49,6.88,9.83,2.95,0.3001,25,Medium Stock,3,4.8
350,2026-02-21,2026-02,Completed,1150,Italy,18,Wall Shelf 4,Home,HomeStyle,4,HomeStyle Distribution,2,32.99,65.98,20.95,32.99,12.04,0.365,120,High Stock,4,4.5
351,2026-02-22,2026-02,Completed,1179,Netherlands,3,USB-C Hub 3,Electronics,TechNova,1,TechNova Supplies,2,9.67,19.34,7.38,9.67,2.29,0.2368,25,Medium Stock,3,4.8
351,2026-02-22,2026-02,Completed,1179,Netherlands,3,USB-C Hub 3,Electronics,TechNova,1,TechNova Supplies,2,9.67,19.34,7.38,9.67,2.29,0.2368,25,Medium Stock,3,4.8
351,2026-02-22,2026-02,Completed,1179,Netherlands,18,Wall Shelf 4,Home,HomeStyle,4,HomeStyle Distribution,3,31.34,94.02,20.95,32.99,12.04,0.365,120,High Stock,4,4.5
352,2026-02-22,2026-02,Completed,1115,Spain,18,Wall Shelf 4,Home,HomeStyle,4,HomeStyle Distribution,3,31.34,94.02,20.95,32.99,12.04,0.365,120,High Stock,4,4.5
352,2026-02-22,2026-02,Completed,1115,Spain,62,Desk Organizer 6,Office,OfficePlus,7,OfficePlus Vendor,3,43.13,129.39,24.83,45.4,20.57,0.4531,150,High Stock,5,4.2
352,2026-02-22,2026-02,Completed,1115,Spain,93,Toy Basket 9,Kids,KidsWorld,9,KidsWorld Source,2,116.06,232.12,71.46,116.06,44.6,0.3843,90,High Stock,8,3.8
353,2026-02-22,2026-02,Completed,1065,Austria,24,Storage Box 10,Home,HomeStyle,4,HomeStyle Distribution,3,70.49,211.47,56.02,74.2,18.18,0.245,150,High Stock,4,4.5
353,2026-02-22,2026-02,Completed,1065,Austria,29,Yoga Mat 1,Fitness,UrbanFit,5,UrbanFit Partners,3,78.25,234.75,49.92,78.25,28.33,0.362,12,Low Stock,7,3.9
353,2026-02-22,2026-02,Completed,1065,Austria,70,Monitor Stand 14,Office,OfficePlus,7,OfficePlus Vendor,3,28.73,86.19,20.76,29.32,8.56,0.292,12,Low Stock,5,4.2
354,2026-02-23,2026-02,Cancelled,1079,Germany,17,Storage Box 3,Home,HomeStyle,4,HomeStyle Distribution,2,98.77,197.54,65.38,98.77,33.39,0.3381,12,Low Stock,4,4.5
355,2026-02-23,2026-02,Processing,1140,Germany,10,Smart Plug 10,Electronics,TechNova,1,TechNova Supplies,2,82.5,165.0,48.3,82.5,34.2,0.4145,8,Low Stock,3,4.8
356,2026-02-24,2026-02,Completed,1117,Netherlands,71,Bamboo Cutlery 1,Green Living,EcoTrend,8,EcoTrend Supply,2,135.57,271.14,78.04,135.57,57.53,0.4244,25,Medium Stock,6,4.3
357,2026-02-24,2026-02,Returned,1113,France,3,USB-C Hub 3,Electronics,TechNova,1,TechNova Supplies,2,9.19,18.38,7.38,9.67,2.29,0.2368,25,Medium Stock,3,4.8
357,2026-02-24,2026-02,Returned,1113,France,45,Body Lotion 3,Beauty,BeautyPro,6,BeautyPro Trade,3,72.19,216.57,39.7,72.19,32.49,0.4501,12,Low Stock,2,4.7
358,2026-02-24,2026-02,Completed,1167,Italy,40,Jump Rope 12,Fitness,UrbanFit,5,UrbanFit Partners,1,34.35,34.35,23.22,36.16,12.94,0.3579,90,High Stock,7,3.9
358,2026-02-24,2026-02,Completed,1167,Italy,23,Air Humidifier 9,Home,HomeStyle,4,HomeStyle Distribution,3,73.37,220.11,49.69,77.23,27.54,0.3566,40,Medium Stock,4,4.5
358,2026-02-24,2026-02,Completed,1167,Italy,20,Air Humidifier 6,Home,HomeStyle,4,HomeStyle Distribution,3,109.21,327.63,72.34,109.21,36.87,0.3376,25,Medium Stock,4,4.5
358,2026-02-24,2026-02,Completed,1167,Italy,60,Desk Organizer 4,Office,OfficePlus,7,OfficePlus Vendor,2,60.69,121.38,37.86,60.69,22.83,0.3762,40,Medium Stock,5,4.2
359,2026-02-24,2026-02,Returned,1081,Italy,6,Bluetooth Speaker 6,Electronics,TechNova,1,TechNova Supplies,1,84.39,84.39,57.36,84.39,27.03,0.3203,18,Low Stock,3,4.8
359,2026-02-24,2026-02,Returned,1081,Italy,15,Wall Shelf 1,Home,HomeStyle,4,HomeStyle Distribution,2,129.32,258.64,79.21,131.96,52.75,0.3997,150,High Stock,4,4.5
359,2026-02-24,2026-02,Returned,1081,Italy,56,Body Lotion 14,Beauty,BeautyPro,6,BeautyPro Trade,2,58.49,116.98,34.68,58.49,23.81,0.4071,40,Medium Stock,2,4.7
360,2026-02-24,2026-02,Cancelled,1158,Italy,38,Yoga Mat 10,Fitness,UrbanFit,5,UrbanFit Partners,1,125.29,125.29,72.91,131.88,58.97,0.4471,12,Low Stock,7,3.9
361,2026-02-27,2026-02,Cancelled,1060,Netherlands,8,Smart Plug 8,Electronics,TechNova,1,TechNova Supplies,3,84.77,254.31,50.28,89.23,38.95,0.4365,120,High Stock,3,4.8
361,2026-02-27,2026-02,Cancelled,1060,Netherlands,75,Reusable Bottle 5,Green Living,EcoTrend,8,EcoTrend Supply,2,91.93,183.86,69.39,96.77,27.38,0.2829,120,High Stock,6,4.3
362,2026-03-01,2026-03,Cancelled,1054,Austria,26,Desk Lamp 12,Home,HomeStyle,4,HomeStyle Distribution,3,69.34,208.02,39.03,72.99,33.96,0.4653,40,Medium Stock,4,4.5
362,2026-03-01,2026-03,Cancelled,1054,Austria,67,Pen Kit 11,Office,OfficePlus,7,OfficePlus Vendor,2,59.15,118.3,47.07,62.26,15.19,0.244,18,Low Stock,5,4.2
362,2026-03-01,2026-03,Cancelled,1054,Austria,62,Desk Organizer 6,Office,OfficePlus,7,OfficePlus Vendor,1,45.4,45.4,24.83,45.4,20.57,0.4531,150,High Stock,5,4.2
362,2026-03-01,2026-03,Cancelled,1054,Austria,45,Body Lotion 3,Beauty,BeautyPro,6,BeautyPro Trade,1,72.19,72.19,39.7,72.19,32.49,0.4501,12,Low Stock,2,4.7
363,2026-03-02,2026-03,Completed,1176,Germany,34,Foam Roller 6,Fitness,UrbanFit,5,UrbanFit Partners,2,73.3,146.6,44.58,73.3,28.72,0.3918,25,Medium Stock,7,3.9
363,2026-03-02,2026-03,Completed,1176,Germany,94,Toy Basket 10,Kids,KidsWorld,9,KidsWorld Source,3,39.06,117.18,23.3,39.06,15.76,0.4035,8,Low Stock,8,3.8
363,2026-03-02,2026-03,Completed,1176,Germany,9,Wireless Mouse 9,Electronics,TechNova,1,TechNova Supplies,1,114.33,114.33,77.98,116.66,38.68,0.3316,150,High Stock,3,4.8
364,2026-03-02,2026-03,Completed,1032,France,55,Body Lotion 13,Beauty,BeautyPro,6,BeautyPro Trade,3,98.66,295.98,75.1,103.85,28.75,0.2768,60,Medium Stock,2,4.7
364,2026-03-02,2026-03,Completed,1032,France,12,Wireless Mouse 12,Electronics,TechNova,1,TechNova Supplies,3,51.76,155.28,33.51,51.76,18.25,0.3526,60,Medium Stock,3,4.8
364,2026-03-02,2026-03,Completed,1032,France,22,Desk Lamp 8,Home,HomeStyle,4,HomeStyle Distribution,2,98.19,196.38,64.41,98.19,33.78,0.344,12,Low Stock,4,4.5
364,2026-03-02,2026-03,Completed,1032,France,20,Air Humidifier 6,Home,HomeStyle,4,HomeStyle Distribution,3,107.03,321.09,72.34,109.21,36.87,0.3376,25,Medium Stock,4,4.5
365,2026-03-02,2026-03,Completed,1108,Netherlands,87,Drawing Kit 3,Kids,KidsWorld,9,KidsWorld Source,3,70.26,210.78,51.16,73.96,22.8,0.3083,150,High Stock,8,3.8
366,2026-03-03,2026-03,Completed,1047,Spain,91,Drawing Kit 7,Kids,KidsWorld,9,KidsWorld Source,1,73.55,73.55,55.46,77.42,21.96,0.2836,25,Medium Stock,8,3.8
366,2026-03-03,2026-03,Completed,1047,Spain,12,Wireless Mouse 12,Electronics,TechNova,1,TechNova Supplies,2,51.76,103.52,33.51,51.76,18.25,0.3526,60,Medium Stock,3,4.8
367,2026-03-03,2026-03,Completed,1093,Italy,2,Wireless Mouse 2,Electronics,TechNova,1,TechNova Supplies,2,96.92,193.84,55.75,102.02,46.27,0.4535,12,Low Stock,3,4.8
368,2026-03-04,2026-03,Completed,1146,Germany,55,Body Lotion 13,Beauty,BeautyPro,6,BeautyPro Trade,2,103.85,207.7,75.1,103.85,28.75,0.2768,60,Medium Stock,2,4.7
368,2026-03-04,2026-03,Completed,1146,Germany,28,Desk Lamp 14,Home,HomeStyle,4,HomeStyle Distribution,1,28.73,28.73,16.46,28.73,12.27,0.4271,150,High Stock,4,4.5
368,2026-03-04,2026-03,Completed,1146,Germany,6,Bluetooth Speaker 6,Electronics,TechNova,1,TechNova Supplies,3,84.39,253.17,57.36,84.39,27.03,0.3203,18,Low Stock,3,4.8
369,2026-03-04,2026-03,Returned,1057,Germany,51,Face Cleanser 9,Beauty,BeautyPro,6,BeautyPro Trade,1,74.72,74.72,61.1,78.65,17.55,0.2231,120,High Stock,2,4.7
369,2026-03-04,2026-03,Returned,1057,Germany,38,Yoga Mat 10,Fitness,UrbanFit,5,UrbanFit Partners,1,131.88,131.88,72.91,131.88,58.97,0.4471,12,Low Stock,7,3.9
369,2026-03-04,2026-03,Returned,1057,Germany,94,Toy Basket 10,Kids,KidsWorld,9,KidsWorld Source,1,39.06,39.06,23.3,39.06,15.76,0.4035,8,Low Stock,8,3.8
370,2026-03-04,2026-03,Returned,1143,Netherlands,15,Wall Shelf 1,Home,HomeStyle,4,HomeStyle Distribution,3,129.32,387.96,79.21,131.96,52.75,0.3997,150,High Stock,4,4.5
370,2026-03-04,2026-03,Returned,1143,Netherlands,27,Desk Lamp 13,Home,HomeStyle,4,HomeStyle Distribution,2,56.83,113.66,43.08,56.83,13.75,0.2419,40,Medium Stock,4,4.5
370,2026-03-04,2026-03,Returned,1143,Netherlands,38,Yoga Mat 10,Fitness,UrbanFit,5,UrbanFit Partners,2,129.24,258.48,72.91,131.88,58.97,0.4471,12,Low Stock,7,3.9
371,2026-03-05,2026-03,Completed,1027,Netherlands,63,Monitor Stand 7,Office,OfficePlus,7,OfficePlus Vendor,1,36.24,36.24,26.13,36.24,10.11,0.279,60,Medium Stock,5,4.2
371,2026-03-05,2026-03,Completed,1027,Netherlands,38,Yoga Mat 10,Fitness,UrbanFit,5,UrbanFit Partners,1,125.29,125.29,72.91,131.88,58.97,0.4471,12,Low Stock,7,3.9
371,2026-03-05,2026-03,Completed,1027,Netherlands,44,Hair Dryer 2,Beauty,BeautyPro,6,BeautyPro Trade,3,29.12,87.36,19.27,29.71,10.44,0.3514,90,High Stock,2,4.7
372,2026-03-05,2026-03,Completed,1157,Austria,14,Bluetooth Speaker 14,Electronics,TechNova,1,TechNova Supplies,1,63.5,63.5,45.06,63.5,18.44,0.2904,120,High Stock,3,4.8
372,2026-03-05,2026-03,Completed,1157,Austria,70,Monitor Stand 14,Office,OfficePlus,7,OfficePlus Vendor,3,29.32,87.96,20.76,29.32,8.56,0.292,12,Low Stock,5,4.2
373,2026-03-05,2026-03,Completed,1165,France,29,Yoga Mat 1,Fitness,UrbanFit,5,UrbanFit Partners,3,78.25,234.75,49.92,78.25,28.33,0.362,12,Low Stock,7,3.9
373,2026-03-05,2026-03,Completed,1165,France,9,Wireless Mouse 9,Electronics,TechNova,1,TechNova Supplies,2,110.83,221.66,77.98,116.66,38.68,0.3316,150,High Stock,3,4.8
373,2026-03-05,2026-03,Completed,1165,France,49,Body Lotion 7,Beauty,BeautyPro,6,BeautyPro Trade,3,131.13,393.39,74.49,131.13,56.64,0.4319,40,Medium Stock,2,4.7
374,2026-03-05,2026-03,Completed,1020,Germany,14,Bluetooth Speaker 14,Electronics,TechNova,1,TechNova Supplies,2,60.32,120.64,45.06,63.5,18.44,0.2904,120,High Stock,3,4.8
374,2026-03-05,2026-03,Completed,1020,Germany,6,Bluetooth Speaker 6,Electronics,TechNova,1,TechNova Supplies,1,80.17,80.17,57.36,84.39,27.03,0.3203,18,Low Stock,3,4.8
374,2026-03-05,2026-03,Completed,1020,Germany,72,Lunch Box 2,Green Living,EcoTrend,8,EcoTrend Supply,2,139.0,278.0,78.22,139.0,60.78,0.4373,90,High Stock,6,4.3
375,2026-03-06,2026-03,Completed,1014,Netherlands,31,Yoga Mat 3,Fitness,UrbanFit,5,UrbanFit Partners,2,36.6,73.2,23.07,37.35,14.28,0.3823,12,Low Stock,7,3.9
375,2026-03-06,2026-03,Completed,1014,Netherlands,58,Notebook Set 2,Office,OfficePlus,7,OfficePlus Vendor,2,13.84,27.68,10.49,14.57,4.08,0.28,40,Medium Stock,5,4.2
375,2026-03-06,2026-03,Completed,1014,Netherlands,19,Wall Shelf 5,Home,HomeStyle,4,HomeStyle Distribution,3,26.83,80.49,15.47,26.83,11.36,0.4234,150,High Stock,4,4.5
376,2026-03-06,2026-03,Returned,1144,Netherlands,62,Desk Organizer 6,Office,OfficePlus,7,OfficePlus Vendor,3,43.13,129.39,24.83,45.4,20.57,0.4531,150,High Stock,5,4.2
377,2026-03-06,2026-03,Completed,1000,Germany,7,Smart Plug 7,Electronics,TechNova,1,TechNova Supplies,3,18.97,56.91,12.67,18.97,6.3,0.3321,60,Medium Stock,3,4.8
377,2026-03-06,2026-03,Completed,1000,Germany,23,Air Humidifier 9,Home,HomeStyle,4,HomeStyle Distribution,1,73.37,73.37,49.69,77.23,27.54,0.3566,40,Medium Stock,4,4.5
377,2026-03-06,2026-03,Completed,1000,Germany,94,Toy Basket 10,Kids,KidsWorld,9,KidsWorld Source,1,37.11,37.11,23.3,39.06,15.76,0.4035,8,Low Stock,8,3.8
378,2026-03-07,2026-03,Returned,1100,Spain,63,Monitor Stand 7,Office,OfficePlus,7,OfficePlus Vendor,2,35.52,71.04,26.13,36.24,10.11,0.279,60,Medium Stock,5,4.2
378,2026-03-07,2026-03,Returned,1100,Spain,34,Foam Roller 6,Fitness,UrbanFit,5,UrbanFit Partners,2,71.83,143.66,44.58,73.3,28.72,0.3918,25,Medium Stock,7,3.9
378,2026-03-07,2026-03,Returned,1100,Spain,22,Desk Lamp 8,Home,HomeStyle,4,HomeStyle Distribution,3,98.19,294.57,64.41,98.19,33.78,0.344,12,Low Stock,4,4.5
378,2026-03-07,2026-03,Returned,1100,Spain,74,Lunch Box 4,Green Living,EcoTrend,8,EcoTrend Supply,2,41.86,83.72,25.01,44.06,19.05,0.4324,12,Low Stock,6,4.3
379,2026-03-07,2026-03,Completed,1057,Italy,38,Yoga Mat 10,Fitness,UrbanFit,5,UrbanFit Partners,1,131.88,131.88,72.91,131.88,58.97,0.4471,12,Low Stock,7,3.9
380,2026-03-08,2026-03,Processing,1108,Italy,59,Monitor Stand 3,Office,OfficePlus,7,OfficePlus Vendor,1,129.44,129.44,71.06,129.44,58.38,0.451,60,Medium Stock,5,4.2
380,2026-03-08,2026-03,Processing,1108,Italy,58,Notebook Set 2,Office,OfficePlus,7,OfficePlus Vendor,2,14.57,29.14,10.49,14.57,4.08,0.28,40,Medium Stock,5,4.2
380,2026-03-08,2026-03,Processing,1108,Italy,2,Wireless Mouse 2,Electronics,TechNova,1,TechNova Supplies,1,96.92,96.92,55.75,102.02,46.27,0.4535,12,Low Stock,3,4.8
380,2026-03-08,2026-03,Processing,1108,Italy,8,Smart Plug 8,Electronics,TechNova,1,TechNova Supplies,1,84.77,84.77,50.28,89.23,38.95,0.4365,120,High Stock,3,4.8
381,2026-03-08,2026-03,Cancelled,1055,France,48,Makeup Mirror 6,Beauty,BeautyPro,6,BeautyPro Trade,1,96.66,96.66,72.68,98.63,25.95,0.2631,8,Low Stock,2,4.7
381,2026-03-08,2026-03,Cancelled,1055,France,10,Smart Plug 10,Electronics,TechNova,1,TechNova Supplies,1,80.85,80.85,48.3,82.5,34.2,0.4145,8,Low Stock,3,4.8
382,2026-03-08,2026-03,Cancelled,1173,Spain,16,Wall Shelf 2,Home,HomeStyle,4,HomeStyle Distribution,1,117.28,117.28,68.21,119.67,51.46,0.43,25,Medium Stock,4,4.5
382,2026-03-08,2026-03,Cancelled,1173,Spain,86,Drawing Kit 2,Kids,KidsWorld,9,KidsWorld Source,3,31.97,95.91,19.39,32.62,13.23,0.4056,90,High Stock,8,3.8
382,2026-03-08,2026-03,Cancelled,1173,Spain,39,Resistance Band 11,Fitness,UrbanFit,5,UrbanFit Partners,1,40.53,40.53,25.89,40.53,14.64,0.3612,150,High Stock,7,3.9
383,2026-03-09,2026-03,Completed,1179,Italy,58,Notebook Set 2,Office,OfficePlus,7,OfficePlus Vendor,3,14.28,42.84,10.49,14.57,4.08,0.28,40,Medium Stock,5,4.2
383,2026-03-09,2026-03,Completed,1179,Italy,39,Resistance Band 11,Fitness,UrbanFit,5,UrbanFit Partners,2,40.53,81.06,25.89,40.53,14.64,0.3612,150,High Stock,7,3.9
383,2026-03-09,2026-03,Completed,1179,Italy,39,Resistance Band 11,Fitness,UrbanFit,5,UrbanFit Partners,3,40.53,121.59,25.89,40.53,14.64,0.3612,150,High Stock,7,3.9
383,2026-03-09,2026-03,Completed,1179,Italy,6,Bluetooth Speaker 6,Electronics,TechNova,1,TechNova Supplies,1,84.39,84.39,57.36,84.39,27.03,0.3203,18,Low Stock,3,4.8
384,2026-03-10,2026-03,Completed,1100,Austria,23,Air Humidifier 9,Home,HomeStyle,4,HomeStyle Distribution,1,73.37,73.37,49.69,77.23,27.54,0.3566,40,Medium Stock,4,4.5
384,2026-03-10,2026-03,Completed,1100,Austria,18,Wall Shelf 4,Home,HomeStyle,4,HomeStyle Distribution,3,32.99,98.97,20.95,32.99,12.04,0.365,120,High Stock,4,4.5
385,2026-03-10,2026-03,Completed,1043,France,26,Desk Lamp 12,Home,HomeStyle,4,HomeStyle Distribution,1,69.34,69.34,39.03,72.99,33.96,0.4653,40,Medium Stock,4,4.5
385,2026-03-10,2026-03,Completed,1043,France,64,Monitor Stand 8,Office,OfficePlus,7,OfficePlus Vendor,3,60.64,181.92,42.91,60.64,17.73,0.2924,8,Low Stock,5,4.2
386,2026-03-12,2026-03,Completed,1121,Italy,25,Wall Shelf 11,Home,HomeStyle,4,HomeStyle Distribution,2,92.15,184.3,62.64,92.15,29.51,0.3202,40,Medium Stock,4,4.5
386,2026-03-12,2026-03,Completed,1121,Italy,31,Yoga Mat 3,Fitness,UrbanFit,5,UrbanFit Partners,2,37.35,74.7,23.07,37.35,14.28,0.3823,12,Low Stock,7,3.9
386,2026-03-12,2026-03,Completed,1121,Italy,26,Desk Lamp 12,Home,HomeStyle,4,HomeStyle Distribution,1,72.99,72.99,39.03,72.99,33.96,0.4653,40,Medium Stock,4,4.5
387,2026-03-13,2026-03,Completed,1132,France,6,Bluetooth Speaker 6,Electronics,TechNova,1,TechNova Supplies,3,84.39,253.17,57.36,84.39,27.03,0.3203,18,Low Stock,3,4.8
387,2026-03-13,2026-03,Completed,1132,France,30,Foam Roller 2,Fitness,UrbanFit,5,UrbanFit Partners,1,126.95,126.95,70.9,126.95,56.05,0.4415,40,Medium Stock,7,3.9
387,2026-03-13,2026-03,Completed,1132,France,12,Wireless Mouse 12,Electronics,TechNova,1,TechNova Supplies,2,50.72,101.44,33.51,51.76,18.25,0.3526,60,Medium Stock,3,4.8
387,2026-03-13,2026-03,Completed,1132,France,12,Wireless Mouse 12,Electronics,TechNova,1,TechNova Supplies,1,50.72,50.72,33.51,51.76,18.25,0.3526,60,Medium Stock,3,4.8
388,2026-03-13,2026-03,Returned,1112,Spain,6,Bluetooth Speaker 6,Electronics,TechNova,1,TechNova Supplies,3,84.39,253.17,57.36,84.39,27.03,0.3203,18,Low Stock,3,4.8
388,2026-03-13,2026-03,Returned,1112,Spain,23,Air Humidifier 9,Home,HomeStyle,4,HomeStyle Distribution,1,77.23,77.23,49.69,77.23,27.54,0.3566,40,Medium Stock,4,4.5
388,2026-03-13,2026-03,Returned,1112,Spain,59,Monitor Stand 3,Office,OfficePlus,7,OfficePlus Vendor,3,129.44,388.32,71.06,129.44,58.38,0.451,60,Medium Stock,5,4.2
388,2026-03-13,2026-03,Returned,1112,Spain,18,Wall Shelf 4,Home,HomeStyle,4,HomeStyle Distribution,2,32.99,65.98,20.95,32.99,12.04,0.365,120,High Stock,4,4.5
389,2026-03-13,2026-03,Completed,1100,Netherlands,20,Air Humidifier 6,Home,HomeStyle,4,HomeStyle Distribution,3,109.21,327.63,72.34,109.21,36.87,0.3376,25,Medium Stock,4,4.5
389,2026-03-13,2026-03,Completed,1100,Netherlands,47,Hair Dryer 5,Beauty,BeautyPro,6,BeautyPro Trade,2,27.35,54.7,17.47,27.35,9.88,0.3612,25,Medium Stock,2,4.7
389,2026-03-13,2026-03,Completed,1100,Netherlands,12,Wireless Mouse 12,Electronics,TechNova,1,TechNova Supplies,1,49.17,49.17,33.51,51.76,18.25,0.3526,60,Medium Stock,3,4.8
390,2026-03-15,2026-03,Completed,1068,Spain,77,Lunch Box 7,Green Living,EcoTrend,8,EcoTrend Supply,1,49.92,49.92,34.88,49.92,15.04,0.3013,12,Low Stock,6,4.3
391,2026-03-15,2026-03,Cancelled,1059,Italy,36,Jump Rope 8,Fitness,UrbanFit,5,UrbanFit Partners,2,18.68,37.36,14.08,19.66,5.58,0.2838,60,Medium Stock,7,3.9
392,2026-03-16,2026-03,Returned,1152,France,30,Foam Roller 2,Fitness,UrbanFit,5,UrbanFit Partners,1,124.41,124.41,70.9,126.95,56.05,0.4415,40,Medium Stock,7,3.9
392,2026-03-16,2026-03,Returned,1152,France,39,Resistance Band 11,Fitness,UrbanFit,5,UrbanFit Partners,2,40.53,81.06,25.89,40.53,14.64,0.3612,150,High Stock,7,3.9
392,2026-03-16,2026-03,Returned,1152,France,11,Bluetooth Speaker 11,Electronics,TechNova,1,TechNova Supplies,1,119.06,119.06,62.98,119.06,56.08,0.471,25,Medium Stock,3,4.8
392,2026-03-16,2026-03,Returned,1152,France,44,Hair Dryer 2,Beauty,BeautyPro,6,BeautyPro Trade,3,29.12,87.36,19.27,29.71,10.44,0.3514,90,High Stock,2,4.7
393,2026-03-16,2026-03,Completed,1059,France,24,Storage Box 10,Home,HomeStyle,4,HomeStyle Distribution,1,72.72,72.72,56.02,74.2,18.18,0.245,150,High Stock,4,4.5
394,2026-03-17,2026-03,Completed,1011,France,77,Lunch Box 7,Green Living,EcoTrend,8,EcoTrend Supply,2,47.42,94.84,34.88,49.92,15.04,0.3013,12,Low Stock,6,4.3
394,2026-03-17,2026-03,Completed,1011,France,11,Bluetooth Speaker 11,Electronics,TechNova,1,TechNova Supplies,1,119.06,119.06,62.98,119.06,56.08,0.471,25,Medium Stock,3,4.8
395,2026-03-17,2026-03,Completed,1141,Germany,35,Resistance Band 7,Fitness,UrbanFit,5,UrbanFit Partners,1,83.84,83.84,58.47,88.25,29.78,0.3375,60,Medium Stock,7,3.9
395,2026-03-17,2026-03,Completed,1141,Germany,43,Makeup Mirror 1,Beauty,BeautyPro,6,BeautyPro Trade,2,105.55,211.1,59.62,105.55,45.93,0.4351,12,Low Stock,2,4.7
395,2026-03-17,2026-03,Completed,1141,Germany,2,Wireless Mouse 2,Electronics,TechNova,1,TechNova Supplies,3,102.02,306.06,55.75,102.02,46.27,0.4535,12,Low Stock,3,4.8
395,2026-03-17,2026-03,Completed,1141,Germany,24,Storage Box 10,Home,HomeStyle,4,HomeStyle Distribution,2,74.2,148.4,56.02,74.2,18.18,0.245,150,High Stock,4,4.5
396,2026-03-17,2026-03,Processing,1136,Germany,56,Body Lotion 14,Beauty,BeautyPro,6,BeautyPro Trade,2,58.49,116.98,34.68,58.49,23.81,0.4071,40,Medium Stock,2,4.7
396,2026-03-17,2026-03,Processing,1136,Germany,66,Desk Organizer 10,Office,OfficePlus,7,OfficePlus Vendor,2,71.21,142.42,52.78,74.96,22.18,0.2959,120,High Stock,5,4.2
396,2026-03-17,2026-03,Processing,1136,Germany,20,Air Humidifier 6,Home,HomeStyle,4,HomeStyle Distribution,2,109.21,218.42,72.34,109.21,36.87,0.3376,25,Medium Stock,4,4.5
397,2026-03-18,2026-03,Completed,1148,Netherlands,64,Monitor Stand 8,Office,OfficePlus,7,OfficePlus Vendor,3,60.64,181.92,42.91,60.64,17.73,0.2924,8,Low Stock,5,4.2
398,2026-03-19,2026-03,Processing,1163,Austria,91,Drawing Kit 7,Kids,KidsWorld,9,KidsWorld Source,2,77.42,154.84,55.46,77.42,21.96,0.2836,25,Medium Stock,8,3.8
399,2026-03-19,2026-03,Cancelled,1064,Germany,71,Bamboo Cutlery 1,Green Living,EcoTrend,8,EcoTrend Supply,1,135.57,135.57,78.04,135.57,57.53,0.4244,25,Medium Stock,6,4.3
399,2026-03-19,2026-03,Cancelled,1064,Germany,8,Smart Plug 8,Electronics,TechNova,1,TechNova Supplies,3,84.77,254.31,50.28,89.23,38.95,0.4365,120,High Stock,3,4.8
400,2026-03-19,2026-03,Processing,1123,Germany,57,Monitor Stand 1,Office,OfficePlus,7,OfficePlus Vendor,2,131.83,263.66,74.68,138.77,64.09,0.4618,8,Low Stock,5,4.2
400,2026-03-19,2026-03,Processing,1123,Germany,21,Air Humidifier 7,Home,HomeStyle,4,HomeStyle Distribution,1,14.38,14.38,11.82,15.14,3.32,0.2193,12,Low Stock,4,4.5
400,2026-03-19,2026-03,Processing,1123,Germany,97,Drawing Kit 13,Kids,KidsWorld,9,KidsWorld Source,2,109.64,219.28,65.11,109.64,44.53,0.4061,150,High Stock,8,3.8
401,2026-03-19,2026-03,Returned,1068,Italy,33,Resistance Band 5,Fitness,UrbanFit,5,UrbanFit Partners,1,22.35,22.35,14.63,22.81,8.18,0.3586,150,High Stock,7,3.9
402,2026-03-21,2026-03,Cancelled,1060,Austria,8,Smart Plug 8,Electronics,TechNova,1,TechNova Supplies,3,89.23,267.69,50.28,89.23,38.95,0.4365,120,High Stock,3,4.8
402,2026-03-21,2026-03,Cancelled,1060,Austria,55,Body Lotion 13,Beauty,BeautyPro,6,BeautyPro Trade,2,101.77,203.54,75.1,103.85,28.75,0.2768,60,Medium Stock,2,4.7
403,2026-03-21,2026-03,Returned,1036,France,21,Air Humidifier 7,Home,HomeStyle,4,HomeStyle Distribution,3,14.84,44.52,11.82,15.14,3.32,0.2193,12,Low Stock,4,4.5
404,2026-03-21,2026-03,Returned,1158,Italy,99,Dog Leash 1,Pet Care,PetCare,10,PetCare Central,1,125.31,125.31,72.29,125.31,53.02,0.4231,120,High Stock,4,4.6
404,2026-03-21,2026-03,Returned,1158,Italy,94,Toy Basket 10,Kids,KidsWorld,9,KidsWorld Source,1,39.06,39.06,23.3,39.06,15.76,0.4035,8,Low Stock,8,3.8
404,2026-03-21,2026-03,Returned,1158,Italy,48,Makeup Mirror 6,Beauty,BeautyPro,6,BeautyPro Trade,1,93.7,93.7,72.68,98.63,25.95,0.2631,8,Low Stock,2,4.7
404,2026-03-21,2026-03,Returned,1158,Italy,8,Smart Plug 8,Electronics,TechNova,1,TechNova Supplies,3,84.77,254.31,50.28,89.23,38.95,0.4365,120,High Stock,3,4.8
405,2026-03-21,2026-03,Completed,1075,Spain,51,Face Cleanser 9,Beauty,BeautyPro,6,BeautyPro Trade,3,77.08,231.24,61.1,78.65,17.55,0.2231,120,High Stock,2,4.7
406,2026-03-22,2026-03,Returned,1083,France,6,Bluetooth Speaker 6,Electronics,TechNova,1,TechNova Supplies,1,84.39,84.39,57.36,84.39,27.03,0.3203,18,Low Stock,3,4.8
406,2026-03-22,2026-03,Returned,1083,France,2,Wireless Mouse 2,Electronics,TechNova,1,TechNova Supplies,3,102.02,306.06,55.75,102.02,46.27,0.4535,12,Low Stock,3,4.8
407,2026-03-22,2026-03,Processing,1015,Germany,67,Pen Kit 11,Office,OfficePlus,7,OfficePlus Vendor,2,62.26,124.52,47.07,62.26,15.19,0.244,18,Low Stock,5,4.2
408,2026-03-24,2026-03,Completed,1017,France,13,Smart Plug 13,Electronics,TechNova,1,TechNova Supplies,1,52.28,52.28,31.65,53.35,21.7,0.4067,12,Low Stock,3,4.8
408,2026-03-24,2026-03,Completed,1017,France,25,Wall Shelf 11,Home,HomeStyle,4,HomeStyle Distribution,1,90.31,90.31,62.64,92.15,29.51,0.3202,40,Medium Stock,4,4.5
408,2026-03-24,2026-03,Completed,1017,France,93,Toy Basket 9,Kids,KidsWorld,9,KidsWorld Source,3,113.74,341.22,71.46,116.06,44.6,0.3843,90,High Stock,8,3.8
409,2026-03-24,2026-03,Completed,1139,Austria,22,Desk Lamp 8,Home,HomeStyle,4,HomeStyle Distribution,2,98.19,196.38,64.41,98.19,33.78,0.344,12,Low Stock,4,4.5
410,2026-03-24,2026-03,Returned,1036,Austria,19,Wall Shelf 5,Home,HomeStyle,4,HomeStyle Distribution,3,26.29,78.87,15.47,26.83,11.36,0.4234,150,High Stock,4,4.5
410,2026-03-24,2026-03,Returned,1036,Austria,81,Compost Bin 11,Green Living,EcoTrend,8,EcoTrend Supply,2,71.3,142.6,37.73,71.3,33.57,0.4708,12,Low Stock,6,4.3
410,2026-03-24,2026-03,Returned,1036,Austria,7,Smart Plug 7,Electronics,TechNova,1,TechNova Supplies,2,18.97,37.94,12.67,18.97,6.3,0.3321,60,Medium Stock,3,4.8
410,2026-03-24,2026-03,Returned,1036,Austria,59,Monitor Stand 3,Office,OfficePlus,7,OfficePlus Vendor,3,122.97,368.91,71.06,129.44,58.38,0.451,60,Medium Stock,5,4.2
411,2026-03-25,2026-03,Processing,1119,Italy,97,Drawing Kit 13,Kids,KidsWorld,9,KidsWorld Source,2,109.64,219.28,65.11,109.64,44.53,0.4061,150,High Stock,8,3.8
411,2026-03-25,2026-03,Processing,1119,Italy,78,Compost Bin 8,Green Living,EcoTrend,8,EcoTrend Supply,2,49.55,99.1,31.34,49.55,18.21,0.3675,150,High Stock,6,4.3
411,2026-03-25,2026-03,Processing,1119,Italy,48,Makeup Mirror 6,Beauty,BeautyPro,6,BeautyPro Trade,2,98.63,197.26,72.68,98.63,25.95,0.2631,8,Low Stock,2,4.7
412,2026-03-25,2026-03,Processing,1051,Italy,20,Air Humidifier 6,Home,HomeStyle,4,HomeStyle Distribution,1,109.21,109.21,72.34,109.21,36.87,0.3376,25,Medium Stock,4,4.5
413,2026-03-25,2026-03,Returned,1160,Austria,16,Wall Shelf 2,Home,HomeStyle,4,HomeStyle Distribution,1,119.67,119.67,68.21,119.67,51.46,0.43,25,Medium Stock,4,4.5
414,2026-03-26,2026-03,Completed,1104,Austria,66,Desk Organizer 10,Office,OfficePlus,7,OfficePlus Vendor,2,74.96,149.92,52.78,74.96,22.18,0.2959,120,High Stock,5,4.2
414,2026-03-26,2026-03,Completed,1104,Austria,75,Reusable Bottle 5,Green Living,EcoTrend,8,EcoTrend Supply,2,94.83,189.66,69.39,96.77,27.38,0.2829,120,High Stock,6,4.3
415,2026-03-28,2026-03,Cancelled,1085,Austria,36,Jump Rope 8,Fitness,UrbanFit,5,UrbanFit Partners,1,19.66,19.66,14.08,19.66,5.58,0.2838,60,Medium Stock,7,3.9
415,2026-03-28,2026-03,Cancelled,1085,Austria,16,Wall Shelf 2,Home,HomeStyle,4,HomeStyle Distribution,1,113.69,113.69,68.21,119.67,51.46,0.43,25,Medium Stock,4,4.5
416,2026-03-29,2026-03,Returned,1051,Spain,7,Smart Plug 7,Electronics,TechNova,1,TechNova Supplies,2,18.97,37.94,12.67,18.97,6.3,0.3321,60,Medium Stock,3,4.8
416,2026-03-29,2026-03,Returned,1051,Spain,6,Bluetooth Speaker 6,Electronics,TechNova,1,TechNova Supplies,2,82.7,165.4,57.36,84.39,27.03,0.3203,18,Low Stock,3,4.8
416,2026-03-29,2026-03,Returned,1051,Spain,55,Body Lotion 13,Beauty,BeautyPro,6,BeautyPro Trade,3,103.85,311.55,75.1,103.85,28.75,0.2768,60,Medium Stock,2,4.7
417,2026-03-29,2026-03,Returned,1032,Germany,28,Desk Lamp 14,Home,HomeStyle,4,HomeStyle Distribution,3,28.73,86.19,16.46,28.73,12.27,0.4271,150,High Stock,4,4.5
417,2026-03-29,2026-03,Returned,1032,Germany,79,Reusable Bottle 9,Green Living,EcoTrend,8,EcoTrend Supply,1,25.67,25.67,13.65,25.67,12.02,0.4683,18,Low Stock,6,4.3
417,2026-03-29,2026-03,Returned,1032,Germany,57,Monitor Stand 1,Office,OfficePlus,7,OfficePlus Vendor,3,138.77,416.31,74.68,138.77,64.09,0.4618,8,Low Stock,5,4.2
418,2026-03-30,2026-03,Completed,1059,Netherlands,12,Wireless Mouse 12,Electronics,TechNova,1,TechNova Supplies,1,49.17,49.17,33.51,51.76,18.25,0.3526,60,Medium Stock,3,4.8
419,2026-03-31,2026-03,Cancelled,1033,Austria,44,Hair Dryer 2,Beauty,BeautyPro,6,BeautyPro Trade,2,29.12,58.24,19.27,29.71,10.44,0.3514,90,High Stock,2,4.7
419,2026-03-31,2026-03,Cancelled,1033,Austria,29,Yoga Mat 1,Fitness,UrbanFit,5,UrbanFit Partners,1,76.68,76.68,49.92,78.25,28.33,0.362,12,Low Stock,7,3.9
419,2026-03-31,2026-03,Cancelled,1033,Austria,41,Yoga Mat 13,Fitness,UrbanFit,5,UrbanFit Partners,1,17.84,17.84,12.27,18.78,6.51,0.3466,90,High Stock,7,3.9
419,2026-03-31,2026-03,Cancelled,1033,Austria,57,Monitor Stand 1,Office,OfficePlus,7,OfficePlus Vendor,1,135.99,135.99,74.68,138.77,64.09,0.4618,8,Low Stock,5,4.2
420,2026-03-31,2026-03,Completed,1045,Netherlands,65,Pen Kit 9,Office,OfficePlus,7,OfficePlus Vendor,3,84.21,252.63,67.2,85.93,18.73,0.218,60,Medium Stock,5,4.2
420,2026-03-31,2026-03,Completed,1045,Netherlands,69,Desk Organizer 13,Office,OfficePlus,7,OfficePlus Vendor,2,12.1,24.2,8.14,12.1,3.96,0.3273,8,Low Stock,5,4.2
420,2026-03-31,2026-03,Completed,1045,Netherlands,16,Wall Shelf 2,Home,HomeStyle,4,HomeStyle Distribution,3,117.28,351.84,68.21,119.67,51.46,0.43,25,Medium Stock,4,4.5
